id,resp_a_reward,resp_b_reward,winner
f0fcc8ecb0734d389dcd7c060dc954b2,-0.92,-0.89,0
f7181921e24f477f8e63c20bcace74f4,-0.84,0.89,1
cc5756a7e9f7434da7f99f87462f57f0,0.34,-1.13,0
6346b67ee9d6437e8fd905de7069f164,-1.06,-1.13,0
dbb03d0c84e34e83b1e64bebe4a47f4d,-0.84,-1.05,0
dccc38f71b9f4d50b5fd20ed316c5503,-1.05,-0.03,1
865c699ad9714adc82cd960e9e6f0d16,-0.84,-0.87,0
4a7f77b1dcd84eefbdb1c7a4c552e537,-0.8,-1.34,0
ad930e3a1f02430792697345951f7c13,-0.99,-1.03,0
9cb60d1d46be43c880008f39e0506b9e,-0.87,-0.87,2
24eef250597b41bb8cb1b478952d9f98,-0.76,-1.14,0
e67f8f4394064ed185dd1fb5c5a4c363,0.0,-0.23,1
025c5ea9b87f48b68e49cca7cdc8f9a9,-0.66,-0.61,2
24def94bd5914bdbb6f42f0b6e8bcd60,-0.41,-1.26,0
a08604c225cc475ba425059569b58921,-0.59,-0.9,0
f4c8b624448a40dc82757a8801093c1b,-0.86,-0.81,2
2e1dfa22fded4a1084f981125b582803,-0.75,-0.82,0
3a781d4e709d42499cccde750624e62f,-0.28,-0.56,0
c6a0db7eab85467fa535034ccf6ba65a,-0.21,-1.21,0
a81e2421890049a1ad15c68a4640ab77,-0.73,-0.78,0
fbfc9a49b7474ad99393a7e90ee51a9d,-0.86,-0.48,1
6e66ab63589e4d8583ac09d559a386a6,-0.69,-0.79,0
b065cc36b5d747b58e4719096a4d1cb6,-0.51,-0.8,2
de8af6c731724d97b52890962929ec0a,-0.75,-0.61,1
0e85bd8bc28c4e89a254a2558f503186,-0.64,-0.77,2
514ab71269f24115a67a18df7ccbfb0e,-0.67,-0.66,0
a498907378d241418223aec68f8c45ab,-0.89,-0.89,2
405f42f044e3497fa3b0d8541670a900,-0.93,-0.93,2
e302f19b24c745b998c73aee12c8defe,-0.89,-0.89,2
c1314f12e4664ab989f936d908f954d5,-0.56,-0.66,0
b79dd4891cfe4a83b796072da9c55ec3,-0.59,-0.67,0
669a4cdeb7094f229929fb3848d22f50,-0.8,-0.72,0
17d8c4ee0862404ab0bba4c5e12e9bf6,-0.69,-0.8,0
a382ec8406b648638f4c0465e36606ab,-0.18,-0.5,0
e1ab84cfeca345018dd8833944932036,-0.73,-0.73,0
db917c322acd401799fc8a8272a3b809,-0.07,-1.38,0
123cb33c07634b2c81b2f6c7f3770034,-0.27,-1.11,1
30b74b66476e407aad2dbccc94efb92d,-0.58,-0.66,0
602d6d03a6764c5288b4f7fee5d04987,-0.54,-1.15,0
1252d718616840c483d0551b171a95d3,-0.72,-0.82,0
3634f4f74599429ca7709c140a11fc65,-0.71,-0.87,1
91c4637167594d1d8194d3bdadfe6b22,-0.67,-0.94,0
da827cc7e202468b89ae32c5d5cce078,-0.62,-0.59,2
2e5410c942d94d8086d89386db7a8c59,-0.84,-0.45,1
853ded4bcff54c9895c89718d3a9bbe7,-0.73,-0.73,1
5adc6da368cb488ebb974c15a7e7f8df,-0.71,-0.66,1
b5122a2dd99e4bdab5bd2430ae65f210,-0.48,-0.39,0
785d054d3768472bb77df6a16a5b0546,-0.86,-0.86,0
b9ff01ee03724e02a2ab9dcd56322647,-0.86,-0.86,0
1ad4a5856dbe4316966fb485140d4475,-0.88,-0.84,1
ef8f5c79a9324af1ad306f831d3d69a8,-0.8,-0.85,0
cd052c0bcc124ffc993cdab4c43b20f2,-0.77,-0.77,1
4125fea3a0fd405eacb7fa01f0666bdb,-0.17,-0.96,2
25eded99a2384871aa6e02cdffee7bc6,-0.1,-0.77,0
a7d5cc66b3e34372bce80e7da2498ad0,-0.16,-0.28,1
acf562dfe8d54412b9864ab5c902de35,-1.07,-0.96,2
8dbd0b8f7c244abaa414273182b3de5a,-1.3,-0.9,1
711f8f7a2cc346708cab60f2abf6161e,-1.03,-0.66,1
979ff87a5b064ac19ec66e2e5ac492fe,-0.76,-0.7,0
221632fc9d884f13807e3acc08051d50,-0.29,-0.62,0
310317e13d9d46a1bde56ac274b54e11,-0.51,-0.79,0
24604fa87f0d4ebd95c290002370b7da,0.15,-0.33,0
c0d1b1210dfc4c63b9f0ef27aa7c827e,-0.16,-0.73,0
f045c097161042aba5ab435111e9a697,-0.88,-0.85,2
eca1ab85fe0d450d9ee983a9489e7f47,-0.82,-0.84,2
b781f254f6a248ab879c22453e7cf202,-0.82,-0.84,2
ab66f85f47cf45f6adea49617076d9e1,-0.41,-0.46,2
765775e1c48a4d63a237791b162928d7,-0.95,-0.87,2
2ae6517d79e4409e9a73dbbad02ce985,-1.41,-0.16,1
ca4758a3d6124a4ba0f95fc6a18b4810,-0.41,-0.37,0
a0697334ba9e45a88a2add76098a28ba,-1.05,-1.05,1
89b3bc5f7cf049898776388245188bc8,-0.26,-0.26,1
a7877f255c70462db5901e5233b1ba59,-0.86,-0.65,1
9a1eec610e7c4b288a766afc65979fe5,-0.71,-0.81,0
da27b35237834cc899ec0ac399620d90,-0.74,-0.7,2
d6dae5e1775c4b1486b386e5dc817d9a,-0.61,-1.01,0
507fc5e418854f28be60b6599cb26157,-1.02,-0.25,1
0cd22eb877fd4a7e955b706e23d695ed,-0.98,-0.68,2
8573b874b5cc4f02bb0694e48d2e0188,-0.19,-1.05,0
9df35c4cbd974fbba0f3f07e36651f9e,-0.88,-0.87,1
493ccbc7ee05471191d374d71b7a7c26,-1.02,-0.77,2
ec52cd8fdb4e48d580a2273bb193d5be,-0.55,-0.77,0
8a540093f4724a4d9061764cf32390b4,-0.8,-0.81,1
b5572cf80e884340a3ec81be36b68700,-0.61,-0.64,2
84321e081ddc48f19038c2bec8e42f11,-0.73,-0.86,0
f869c5c2624b4918b22540d6163df84f,-0.34,-0.4,1
8a325fb0ad4d46679aa898db04f1ee2c,-1.04,-0.8,1
6f0f7e65531840a59359d8915fe4f0f7,-0.24,-0.66,2
3fcf6896005749d3a82dad248787c620,-0.99,-0.93,1
9a479c6eb33d45268555e2ec27c1321b,0.93,1.1,2
f1441da6720f43f998d9cb03392949d1,-0.63,-0.54,2
5913ff319cd64e2fb793a765ffc8b990,-1.41,-1.34,2
a2b3fd4fdd9442d09c0085754d1eba46,-0.89,-0.87,2
6305b6cf51b6401192480c2c6c3f89d5,-0.43,-0.89,0
e3cc75c5e5e84fc5b4c758185cf59741,-0.86,-0.8,1
dead566c60a64320a6a3b7803e4875b7,-0.95,-0.44,1
2412cfd0050d458087ab51c287c4d828,-0.72,-0.77,1
213c4382dc754b4e9b0edd900db869aa,-0.64,-0.74,1
f11d07bdea05423c9d1ceecb5fc304e6,-0.67,-0.73,2
202e13f8b45c4aa2b0384a1a77d4366a,-0.84,-0.7,2
d1d89da9ae6047799304b928f06ca3c9,-0.82,-0.86,2
eed822b364744fd4b152faf2375d0f89,-0.63,-0.52,2
ef60b9aaa75e4989af0a44b05df4ccc6,-0.54,-0.7,2
5933f4a9a3df42348e4ced841e5b4833,0.76,-1.5,0
7e036a3db8a04e418733465b3ce86114,-0.68,-0.52,1
5f0eb916557b4231abb22ddae9f5c6ed,-0.69,-0.78,2
3ab4620313574e96b531b326b968f96b,-1.09,-0.71,1
80a77c171c434436a3713f4c51a3e7a0,-0.77,-0.44,2
aa52b458ed5c4f43b46cb8ac5cfa8c2a,-0.82,-0.24,2
ef5bffde27024b7fbe71a3cc9b70daa7,-0.3,-0.37,2
5b42913fc01940a9b00c7d04b5b668ea,-0.79,-0.79,2
b8b61f1658b348bba4fba906156cb9c1,-0.78,-0.68,1
037bacbd8311473eab7f4fc763cebc36,-0.45,-0.48,1
06a575551b0a4e86b61bb236072b9cfe,-0.99,-1.26,0
af9b6dce1f154fb5a1c29f5a7f5d9b2e,-0.93,-0.89,2
7cdf8591ee11485d9f076e10b97bc98c,-0.77,-0.81,0
d61199e13d1a4188a8a94cdfefd69122,-0.24,0.07,2
4afc93e3d0a94f0bbc70def8874ea0b1,-0.89,-0.91,2
b51c20350bde4a86bbcb53165cb25d95,-0.85,-0.82,2
7523330f04784a7b858684cf1579f8ce,-0.85,-0.87,0
3a48122f7e2a4b1f9de04dda7805a511,-0.82,-0.77,1
7fd9190262b54688bd6a3ca0f1619d18,-0.67,-0.25,1
e1530e66d2674135a3962c77c2f936a8,-0.19,-0.31,0
2b72ebba33dd4a6b8b8a81ad15aaeaec,-1.32,-0.62,1
ab5dc66f3b104fafbc013c088b96efc3,-0.61,-0.48,1
ff881a3c2128490e9a7e86f5a3363197,-0.53,-0.73,0
00c4fdec877547f58f0837a2382b6be2,-0.77,-0.8,0
0ec486fd969d4936a6cb88aa5edca2e7,-0.72,-0.99,0
2a07a7882e4643f883514b266d203f7f,-1.02,-1.02,2
f715be4ff7d44f37a8f0e0bafd24bbfb,-0.61,-0.39,1
28e8a0bee4804d1a855af95284d34a2e,-1.0,-0.55,2
7b249e04a64742b487c229ed29e8e528,0.86,-1.39,0
628eb334760f4980a6529c2ba87a8ec7,-0.97,-1.17,0
3322ca1b0c3d4c12b05a3d568f285e7e,-0.6,-1.05,2
c351105b33f64c4a9549ebf008e2d2d4,-0.06,0.12,1
7fb1419d0b04447283b4918a386148d6,0.09,0.24,1
50677f3ab3654ce58ba9da6210595a71,-0.3,-0.57,2
d7d574fdd6dc4a07a5f9bb2ff8bcfd25,-0.66,0.25,1
9cbb5160857d48b3b33f36e204bc1bfb,-0.53,-0.54,0
3d26b598cab943b4a6269f8738f3341e,-0.84,-0.84,0
867acf7affab4758897c4be6c091d524,-0.84,-0.84,1
9796dc07f21841c28fa455fed40949cd,-0.84,-0.84,0
53a1254b2eb444519ce7bfb580d1aaf1,-0.24,0.01,1
93de3b20f7e240ccb89a7e0e0a85f701,-1.17,-1.09,0
3a88da6c9cc44ff2b52b8e02031e53e3,-0.84,-0.84,1
e6582064e59a4c38afc610f595e8848a,-1.14,-0.41,1
8b983ec855cc4e61b16faa69e595e147,-0.89,-0.13,1
53709f8613c2454ba2ea10c2938c8bfe,-0.13,-1.22,1
d98f9aae5bcf454e8cceabc775e051da,-0.69,-1.21,0
39eb6e07d4b24598af5b3aa04c597cd7,-1.43,-0.27,1
b3299d5ba4674a478aba027fa1a03fd6,-0.59,-0.24,1
33fd95d0426844e0a549aade55e617aa,-0.78,-0.72,1
d28340906fb74b8fa4d9e43dbe2ad105,-1.25,0.2,1
a4d457d3cc5b41b2a05bc15ab736ea51,-0.1,-0.11,1
e9d815609b47479db328716cac0c1e21,-0.46,-1.45,0
ba4fee345d754ac7beb1cac809da35fe,-0.06,-0.06,0
2368b9d95ea645168e24dea793e68e59,-0.88,-0.88,0
d2b9d259d2844a359416cb2bb126b847,-0.88,-0.86,1
1709170c9bea4bd18d0efc4b0a9bc7bb,-0.93,-0.99,2
0703aea0755f4d38ae89318f86d1ea93,-0.77,-0.82,0
fe627351210645c899184c7c2aaa6936,-0.93,-0.9,2
15828a4f3e2c4291b0f93dd7d9b09df5,-0.88,-0.88,2
9543a27f9e194f22a91c6b9b8d0157a0,-0.67,-0.72,0
0d2d0813141e4bc59632b71d5f938575,-0.92,-0.81,2
17f8eb5738ec411387a3237562ae2b15,-0.12,0.01,1
3e7998ee64514d25a9a769fa4a5fa61f,-1.1,-0.88,2
6bdefefd5b4346ef8793699aa7ebd696,-0.84,-0.85,2
0eb9085dbc134264b904a795843edb5f,-0.22,-0.22,0
17b165be94e646928240bf5e9b94f3ae,-0.19,-0.34,0
75998783333a488da5f1cd467baaf4ed,0.09,0.68,1
69399c6196ef45de97f2adaab7158407,-0.66,-0.53,1
61b6fb8ea92542d8a8b71e230e850fe9,-0.59,-0.46,0
1e10f76a6db94a12ba1c9d2bf5450d5c,-1.47,-0.57,1
2201b3a68a0d421188258e0eacba98c7,-0.41,-0.42,0
9d65c547770a4060877f7c35d6d2c09e,-0.69,-0.61,1
af113fff5177443ca06e05d9684f24d9,-0.84,-0.9,2
0869f1c6627b4655931100e23f524c1a,-0.6,-0.54,1
0539a76a18a94e488a5ce9634daddcc5,-0.9,-0.89,0
a23df3ff5e524e899fcd504af78fca6a,-0.76,-0.82,1
5972f2bb44ad47a89c0cb9e38cdfca53,-0.51,-0.38,0
dd63c0afa1884f1784ab07f7a762a7fc,-0.84,-0.77,0
af7acb82575b47bc8368a5e22d3a3dc6,-0.82,-0.81,2
75ae77a691434827a26edc602d4481dd,-0.54,-0.51,1
bc7c683c623f4b44925fc9a1e034ff8d,0.01,-0.37,0
fe3d2142490644c4bc17fc32e4dc42a4,-0.93,-0.94,0
774c36e33fc94d94829c22d1f3357728,-0.96,-0.54,0
24520525940945f49e80ae7c70c3d87a,-0.65,-0.54,0
4de04d56b4874beb814b9d4c916980e1,-0.35,-0.23,2
41ee9f361798487ca823aeb6af6dad93,-1.15,-0.18,1
170bd767bd5044779216807c8c1e9bae,-1.12,-0.1,1
399d994a34fd4c3b8807b10ff6cb66de,-0.76,-0.71,2
b9ce6a5595a5464eafb1d1647a5ca008,-0.89,-0.26,0
d3456942f6b24de7b4876df4d173f5fa,0.03,0.1,1
299b8d8cbbc84336ac951d44b96d6466,-0.44,-0.47,1
fcd629bcb85b4608a2103039b2f792d7,-0.03,0.07,0
e10fca6688534b7b8884b4393468e5fa,-0.75,-0.69,1
59076217cee84861bf45412445dfdf34,0.18,0.13,2
dc3bc365b7394d80ba1bb854e3d5c5ef,-0.04,-0.12,1
30b0b2ee7f214c408fcbb1779235a7b2,-0.79,-0.85,2
4af53a7c276d49259c67f3270b4ac519,-0.7,-0.68,2
676c2c84ec3645e4ae908b66a80186f8,-0.61,-1.02,0
0e73761ec76347b4add3c1d363b364ce,-0.45,0.03,1
029caca58bd04f31b1a1c08f0ff586c0,-0.18,-0.1,1
c36cecebf150477e9ea446a49abc7eb4,-0.85,-0.66,1
58b95d7bb6e24b9b9c05e19603c0ab99,-0.88,-0.88,0
2838fde5e4c449adbd4e3299d4d488fd,-0.44,-1.01,0
f1c5ebeb96c74adfb1ce16b652292c48,-0.54,-0.41,0
8ee7f7e5bf0d4b699746566b04a1a2b0,-0.33,-0.34,1
889af5467b5e413496080f3989edcdc3,-0.44,-0.39,1
9081ace6924b4249ae1f9a2aee7c53be,-0.84,-0.86,2
4e061119d0a34ac4925a9980ba44ed44,-0.77,-0.77,1
0d562d5909c845fc9ddaf7d05f695b36,-0.8,-0.77,0
6dc329581ef64a12a10c893637f48c8b,-0.82,-0.85,0
31af03714ace4a3993d2fb649f9af44b,-0.34,-0.55,0
8814e5a5a0104b2aa18221060a647b52,-0.48,-0.52,1
ec37f57c590840bfa61e050a6d3a70e8,-0.18,-0.24,0
773b8ccc88cd4639a2c26a0f1554e1b7,-0.5,-0.49,1
e3dcb2b2dc7049f78001b3b5e7436619,-0.82,-0.84,1
f55855e5db244c3a929a684bf7e07fc2,-0.7,-0.17,1
4da97f1585024431b9bae2209f507578,-0.89,-0.89,2
82b0c243c6284d279794904c3a9f26f3,-0.53,-0.61,0
f07ac81913654cf4aca457e276efdbea,-0.61,-0.58,0
6b43d8475fe3455eb7d84669cbbc2209,-0.11,-0.24,1
7ed4696a3d4f433cb58086773a637e2f,-1.21,-0.04,1
4b0cf137b4bf42ceac4d48951106670f,-0.94,-0.98,0
d85dbf294e1d44cf95a7a3fdefb58e61,0.4,0.7,1
e4f5c042bbc147e1b86e37037571cfb5,-0.34,-1.02,0
364601e81d8e421799b36149ba261f08,-0.45,-0.51,1
26827a1d61e54761b0f37ab315c35291,-0.66,-0.91,0
909ee167fbb04462ba255c58eb51131e,-0.49,-0.7,0
145cfe71a58142faa9e6100ba9fbfcd3,-0.85,-0.79,2
763f735f77274c309889ea97f23e19da,-0.57,-0.62,0
373b8375dd3c4d2fae57d73d8470311b,-0.7,-0.61,1
ebad8f9e13a4409bb6f83b6e26306c1f,-0.84,-0.82,1
831b3519623e4711b1d3058033982956,-0.89,-0.9,2
c22a8c9529274c35a2ab70b39d2e394e,-0.62,-0.63,2
aa31ffbe44fb4bef9e5b380106e2a5ed,-0.13,-0.69,2
a6a02f8f355f4140b94b42f7eb04c8cb,-1.05,-0.48,1
d416c0c708a940a5947f353956390174,-0.74,-0.66,1
44197079295e47a8a480f079a842f8c8,-1.62,0.09,1
78866f8e398e45d8a7f9c622b7f3f32b,-0.5,-0.08,1
2dc39e2de78c4a3e8c6f58a67ab071bc,-0.45,-0.54,0
b2dea82cd0594ae6a9d1b89178810e0e,-0.84,-0.84,0
09dc6eda0c77409d8bc3317371450b3d,-0.69,-0.61,1
a226acadc0264608a23de6e577240d9b,-0.46,-0.41,2
9ad5811680cf4effbef5f888cb364a7f,-0.72,-0.74,2
5890d6f5f9bf4e8d938441615effb448,-0.29,-0.28,1
ea0b3120e8384486a2d42b5f6d359267,-0.48,-0.44,1
4d5aade1d1224ccfa8fff61ab470b841,-0.61,-1.16,1
3616db7769564c19b073c3dcdc79693d,-0.29,-0.12,1
46d1f34480124ef6a44c99cbba66dbc6,-0.2,-0.13,0
ae8ca35f0a254f839e1726b124c97243,-0.54,-0.37,1
4c1a58205a77425393ef3953961c4ed1,-0.16,-0.56,0
1322b5453b35497191c91182f14cdce9,-1.02,-0.69,2
1b3a4d18b8d1418cb179456e5874ed5b,-0.74,-0.72,2
a7bed06b1a5148fd80a4bc284b5cd8f2,-0.69,-0.61,1
3b8c953cebd746539b3c6da533922c1a,-0.35,-0.6,1
c7310b96102345c5b914fd0c10da72b3,-0.31,-0.31,0
dc7699052b0446f89e4cf4a86fa4ab03,-0.4,-0.42,0
aec4c5bb2c0a4cc68be2a1a93a710ec8,-0.82,-0.86,0
04390222c3c547b195fd7607061ac142,-0.87,-0.88,0
02db466f6bcb44a0a7d62b6f51b93b38,-0.82,-0.85,0
dd04571ba25a441b8cb799eec1168338,-1.06,-1.0,1
9013c61eced743e4a139a719a3a56547,-1.04,-0.63,1
761be7e09963417bbcdc7cab04d03913,-0.86,-0.87,2
4937f6dfb13c45e8a564c121c1cd69d8,-0.52,-0.55,0
c5a960635dca4074a0308342324e1556,-0.87,-0.74,2
610e0c682f0c48a2ad69079c31c75d3b,-0.02,0.28,1
21d01a179a6b4977bd856664c092b764,-1.1,-0.96,1
8af42fe528ca4a9b8261cdb9248ebb9c,-0.29,-1.1,0
21517f2bbb1a463b856528447cf7d297,-0.41,-0.56,1
012da2f1dae745b9b454a94b5f788dd3,-0.34,-0.34,2
e2a75a6959fb49b9aabd4cb034387e0a,-0.85,-0.86,1
9c647055922d4dafb8a72e282194cb48,-0.89,-0.88,1
5af1fe5f70c94c61b82822110fbde2b1,-0.85,-0.95,0
5a8685e9c0694df68aef0e9b342debda,-1.24,-0.65,1
93290e54bd3a4d3e933e07df2b4e5f7d,-1.12,-0.2,1
cb490bdc714a48438a221bb13e0d06e2,-0.91,-0.5,1
665873b5533b42c4827a55102e10a6cd,-0.88,-0.77,1
5e4ca847d01b4006bbf71672ce7d869d,-0.99,-0.6,1
f09897fade6545e189814a9b44521d95,-0.8,-0.72,1
6d4524facc74499882997e27bb2a9073,-0.89,-0.61,0
11ca78ad9c4f4f1381fa7909419c6851,-0.25,-0.61,0
925032cea1e1492d85a2e879c0c7d307,-0.85,-0.62,1
792aba3f057445bc8031dfa742aff9e0,-0.55,0.43,1
41521e02359343988bb1f689b8465af7,-1.34,-0.49,1
edc603be7a334144be594ce9623637a0,-0.63,-0.76,0
86e2352a0497480899e33125f348d352,-0.35,-0.87,0
cb823cefd6774f4587afd29a3de71047,0.12,0.19,1
532aab837760491088fa2ce4677176d8,-0.23,-0.47,0
6028f7869e84499fb8b677462cdc06c2,-0.51,-0.28,1
460b14283d03465cb97729247a02598d,-0.66,-0.64,1
7921c37c90e447bb8635f229c7fd6381,-0.92,-0.92,2
3c2e46df95c745b3a8f7e823852832f9,-0.95,-0.47,1
bb0daf6a2e034340bfdbc5890773cd49,-0.07,-0.4,0
3e468bcf53d74c94bffb39e77d9e5e21,-0.88,-0.71,1
9a24d01ee7934ecc8c2298571dbbb670,-0.53,-0.54,1
d40a673e8ff84c42b7810e31c3aa9db4,-0.63,-0.71,2
5e15093c2ebf4f61bfce0d126cdbe23d,-0.99,-0.77,1
73ee811c5a2d4824805da10d4dad3058,-0.08,-1.05,0
1788ec7bc05042ef9cb855011d7353e9,-1.01,-1.25,0
6bb3b2c050ad4deea0e490b14e6efab5,-0.88,-0.86,2
e3070439a2a145a6abf8d1feb84adb74,-0.33,-0.48,0
252da50f2c4f48d7827a20cf5001acb0,-0.81,-0.81,2
b57adae9bdef49799153f6540854fc6b,-0.86,-1.12,1
e82ec70c096a4bec9f59b5ad2b66fe4b,-1.02,-0.84,1
6c553db073be429d9544115402878701,-0.82,-0.59,1
7399a8068a2f452992ce77d1942a5a55,-0.6,-0.71,2
650f7fd626244f8daa1b68bd3f1d390c,-0.26,-0.77,0
eb0bd0671f1748b9848ef1dc92f51db9,-0.56,-0.61,2
d08e4d99d19f41819f5beb4d05f9674f,-0.79,-0.97,0
159c522ae9c845e7a1b650dbbea8817d,-1.01,-0.99,1
23e648114615473eb05c19f477a9aba2,-0.92,-0.95,0
7e3b4ed509724f6da46de954da491f55,-0.32,-0.41,0
c011827fd162463d98b3c270bc8f0900,-0.76,-0.73,2
fbbb03ca05c746b6a6c99515f52d7836,-0.8,-0.72,2
4c6c4836cdfd4bcea1a784526fbc3dc1,-0.73,-0.82,0
b7416a4bc5064e958fc581c085f8b70a,-0.93,-1.05,0
73a131cb4284481a8aff6b95fe4faee7,-1.2,-0.21,1
e608bfd121924c0890df959f6bd35a9f,0.19,0.19,1
afdd750275184815b6ba942a1e03baae,-0.09,-0.27,0
c135657891254498ae5a29894c06ff22,-0.12,0.07,1
0f1172e1c5204a959e1b45be4c4ea32a,-0.33,-0.35,0
722dbb9de6634b1e85a991f1ec0454a4,-0.66,-0.77,0
7249bdc04962486e8feee683e13ccf08,-0.23,-0.82,0
52d5019b9b8947c183a1fbef5fa19beb,-1.01,-1.06,2
e36e4850f4ee45b0b40c65cb46a1a47f,-0.36,-0.42,0
c36e3ea97bb8476d96bdd35432b51c00,-0.06,0.28,1
3ef3984e2c894835af5b105c208d478b,-0.88,-0.88,2
c396223082124be6ab06b592278c06ad,-0.68,-0.78,2
77f401b7509e43a9a91178fb36f7760f,-0.71,-0.66,2
0ded063aceee45de8957a052da9eea95,-0.75,-0.87,0
054b5b42bee24f3a8c2afb6cdbd43bb5,-0.39,-0.41,1
136c80b6342e41e6b2ae961e836ffafc,-0.52,-0.33,1
e87bd64796c148c1b73839723a51f32c,-0.35,-0.5,0
614bdb7a56fb41ea8c64912e289f7009,0.17,0.28,1
0c5e0f9447c1446e82fb61c0938922d3,0.73,-1.63,2
b9a8995fb51949519991ad80f02dcecf,-0.68,-1.12,0
2d8a5bf14c38418586484c5c54025da5,-0.23,-0.45,0
a5cb6aefafbb4ef5ac3e3c9d5fa4340a,-0.84,-1.02,2
32c2aa31cb7046cebb45d4f17745a7f9,-1.33,-0.13,1
423afb1a395e4142b3ff1ca0a8df20ba,-0.75,0.23,1
e66bb14c44474670ab22f80906c77dda,-0.54,-0.38,1
c719526b916440188fa200735912e0af,-0.49,-0.38,1
5bdfb391b11048d490c6fd48c5ad9d53,-0.94,-0.82,1
10cf95b1039b41ceba23dfae5b030007,-0.35,-0.29,2
2961d9d9e1874551b6ddbf05d7eaa793,-0.43,-0.39,0
3e07839b88124c6eb33804b0d6e65d77,-0.37,-0.59,0
2c2f55319d8d42a5a15df4faaf461f48,-0.82,-0.94,2
1ee6ade7eba7420da44e6d892089a33e,-1.2,-0.66,1
720aeeb8302346d681d3979f5f6946a0,-0.91,-0.93,1
c22169acabc64bb589a8643719e85a6d,-0.89,-0.98,2
3cc086263d7041ff974694ed382d277b,-0.32,-0.38,1
9a1ba0f1b24a44f1a5e95da4c8b0901a,-1.17,-0.8,1
7a139190d90d4d73bd1f39a1f3b38356,-0.71,-0.54,1
4b34679b82044cccb827202bf40c428b,-0.84,-0.84,0
a87440fb0c6d434184871b7c5a354b5d,-0.57,-0.58,0
ab3232a2b975407b80f7893b943d5765,-0.71,-0.82,0
d3e971e2bb974884a59cd16e519236a5,-0.27,-0.35,1
9e1ab0c43352448792a57c5253029671,-0.77,-0.77,2
2343659e26d443448be1f13fcdbedd69,-0.8,-0.85,2
c5230f5446ab4c5f9e3267c67658f4ff,-1.41,-1.26,0
bab781976b094a11ba8fdd1da2fb04b2,-0.28,-0.61,0
ac620123805d42c58acc9b0e19832834,-0.38,-0.55,0
bf5ecdbc56aa42c6a62cea16a2267609,-0.28,-0.18,2
4c92a114e64c4c549866252b97c4964a,-0.82,-0.82,1
e9e02ac1385c4476a8573224d1754e6a,-0.86,-0.86,2
e1ae514a85b04642961d291c9ca0b1ce,-0.89,-0.9,2
f94b8909ea124e198798c17c3f895172,-0.71,-0.41,1
20ddef50ef7e4d9aa5114f9435df8f3b,-0.79,-0.82,1
f05766f10e80498ea88095ca061e0ded,-0.49,-0.32,0
c4f49f198cf8494eb49e40709e17b13a,-0.52,-0.74,1
b3ea916572514df59e22d92e64b399ba,-0.23,-1.39,0
1f4277596e38495da4076852932f6eb9,-0.82,-0.61,1
5cad8ab52475477ea7b7c066f4cee87b,-0.85,-0.69,1
aaac665188404e42a09c669fa43cc72f,-1.01,-0.78,0
520c7532df054a8fb1a31f5be7e4e793,-0.86,-0.87,2
e5269f27da004f14bc3cef747ba5e84d,-0.89,-0.85,0
616ebc6b0264442eb801a3602cfe37d0,-0.93,-0.84,1
ff955b4be1d3426f804ee7973a2064dc,-0.84,-0.82,1
efb41721a8fe4b469a2830ad6d1d0a13,-0.93,-0.86,2
395733bd137447d5bcb10253ee6520d5,-1.27,-0.61,1
c2e9808ff68f493a85808b1e69844a8a,-0.8,-0.43,1
691f75eb8a184ee98ad88ba953248fc2,-0.64,-0.59,1
a6004cb13d4c4622bc8ed43aacc1911e,-0.81,-0.85,1
b157b2adca0a48d28e2abf2afe6c218f,-0.9,-0.9,0
e54ff3541e5a44aea9f54355aff5ce7e,-1.23,-0.66,2
4e1cbeb0767e4c93bb8f35d161b35bcf,-0.82,-0.82,2
34fdb067be5848ef876a6d80f0b2f768,-0.4,-0.81,0
99c6401db97d4ca893b78f230175b02f,-0.9,-0.95,1
f69634e184554bca9722aa9b70880ce4,-0.85,-0.95,0
a9d17cd4afc34b24938656e43efbff2c,-0.94,-0.82,0
40af76c93adb41908863b81e6da9ce85,-0.7,-0.76,0
d496a6e85ef044378c9fb85fecf35015,-0.69,-1.07,1
7ccefa8ded5c480a932976534a3c1e53,-0.86,-0.84,2
819ef87b59aa43378e9d5cd94aadafce,-0.46,-0.4,2
58b8487993444a3d98ebce4f0bbde3fc,-0.73,-0.84,0
6f83a8cd3bca43868749c79885f402d0,-0.88,-0.82,0
578296e0601e42a489fe9d692b37e8db,-0.58,-0.54,0
0509cf731e7345d488b15f250f9879b5,-0.63,-0.6,1
053e74bf66274ec8ba2a9215ae9a8da1,-0.7,-0.78,2
acb0b2c249564bb3970fd819d051f6d6,-0.88,-1.01,0
c17e6e1ba78d4df28cf0424c88751474,-0.2,-1.05,0
c0b04e7ef6e841ed99204964fc2f08a9,-0.87,-0.71,1
fa76fe04c7354ee6962244ad5d940cc5,-0.82,-0.93,2
97a0403cd17e4025a9fed48b275eb30f,-0.43,-0.76,0
a0fa7fe57aa3463bbffbd64a9f0c704f,-0.5,-0.63,0
c9eab258b9d3485aa5a940dcca4c594b,-0.54,-0.36,0
0b067245aca04fa882dd2b5643d52abd,-0.63,-0.49,0
11f05eebdf2449f6ac7a8dc13e309cb6,-0.84,-0.89,0
7cdb847805b54abaa977f085de047db6,-0.84,-0.84,1
6ece2b2092f241caa621b2aea697b8d7,-0.87,-0.79,1
6add1791166843d998b6d4c623f8a4c0,-0.5,-0.5,2
c827529a6d5e4ba6bda245d5ac1d3f06,-0.77,-0.76,1
ce74bc0892b64432b35addc3b0207f4f,-0.52,-0.29,0
322b90042c0d42b187d078603e5d9f07,-0.73,-0.69,1
fb351e2b08024fbdb46b3a11234ce270,-0.78,-0.85,2
2ea9567aec04443caa4bdebf90eb87e6,-0.34,-1.16,0
8bf2bb5a5b224fb886713900c04f7a0c,-0.47,-0.54,2
a0800743d6cd48a299e69b37e280d18f,-0.32,-0.18,1
3c2f23fe17bd414db8b612a4b9cbf8ee,-0.43,-0.19,1
3c0575002aab4455b5b83ae5ebb84902,-1.01,-1.12,0
7e525afa42d14455854ff09032f8a8e2,-0.38,-0.47,0
a30f5da4e3924d1e8d56450667f265e6,-0.45,-0.62,0
897040bd8cb144c7949d40478ac78d34,-0.45,-0.45,2
d65fbd86d92441059d64e79071b5aaf3,-1.02,-1.22,0
2e6934e0a8b1496d85645f9fb77f49e2,-0.82,-1.16,0
7513ea89eafb49a5bdbf3f923936e347,-0.1,-0.94,0
1c70825a30594ffe81149e807a18c2e7,-0.5,-0.41,0
31f9e468ffe44890ba85247ee88ce1ee,-0.5,-0.55,1
5b8db8edb1f649eebb83f2f7496fc391,-0.8,-0.75,1
bb67f30dfcdd4a5b9404c6f829626197,-0.51,-0.49,2
7cfb2813601143d89223638c3224a482,-0.88,-0.37,1
29eda6f18cfc4f079558324271bf9c9a,-0.03,-0.54,0
d359ae746db64b8b98d751b01d4097d6,-0.57,-0.61,0
9c57d2377c904030b32d906cc633b140,-0.25,-0.33,0
2cf4384e034140e0afc406f6e02ac0be,-0.5,-0.49,2
0c9260ad3fc1446ab089206a5b44b6be,-0.66,-0.84,0
92ffdc9bff684514a6e0bedd88aac6ec,-0.41,-0.52,0
3bcbe2ee0a62403ea563273141ba8cc7,-0.86,-0.86,2
667b7a7531ed4e1b988926ae38935a67,-0.94,-0.85,2
c660cf44ee914a1da1be29e6c8614adc,-0.81,-1.0,1
e54cd86ae15f4a6682825c754303d5c8,-1.0,-1.06,2
70003c4e99cd4980adb9b24341074850,-0.39,-0.38,2
7b1160e0e74c42da805fbb215b1407af,-0.6,-0.71,2
c19f3a314ce74183b40bdec3474c5f2e,-0.82,-0.77,2
7e7acb2f66b24c4488b7e05e1ff5b8d8,-1.4,-0.68,2
0ca8cf37044e47d88da94ed769890173,-0.69,-0.71,2
7ab8bf7b4bc242a7a69aef6e7eae422e,-0.81,-0.66,0
4794767936ec4281b7bbada96d3edcd4,-0.74,-0.74,0
59c31d046e3d4658b5c81c09dfd29bf5,-0.88,-0.84,2
4b96e2c59f8047a296921d2287273df0,-1.24,-0.75,1
80743177e192475c8b0da126bddbd0cf,0.27,-0.0,0
412c5eab4a1d4bd094c910e8e8467c4e,-0.97,-1.1,2
6e6be94c17f3441c8e9346b8988cc456,-0.84,-0.85,2
5eaaca161b9b4de48bcc8e47f981e626,-0.82,-0.8,2
ac69598f71c344fe9be2b7de2cda3cc5,-0.91,-0.97,2
1ed494551f534abe81ceb7bf416d72e4,-0.71,-1.14,0
5186801c81ee4b5d88cf8555df7056c4,-0.89,-0.89,1
27208025ee2d49c59ff424936185165f,-0.81,-0.86,2
e8e6e4b19c314de9b9dfe6a8e6d18bf4,-0.29,-0.14,1
eb3f72b8b9b74b569cdfa0094c16cff6,-0.81,-0.69,1
d076d88a37634c659ef0d15413f3ecfa,-0.75,-0.71,2
0e9358e1fdc44459bfcc178a7a28ffdd,-0.87,-0.87,2
f9a22189e831449c8cf31950312a5941,-0.95,-1.52,2
429e12be3e704aea9bfebd78bfd924a7,0.07,-0.16,1
4b3ce015b90e4210840a15d88ecf9fbc,-0.82,-0.82,2
44dc8ed1c0ab4bbc9ab3fffcec506409,-0.88,-0.77,1
03dd928f51cb4ed2ab76659fdec03546,-0.84,-0.86,0
04436e2a93b8444eae7ceab31b29604a,-0.09,-0.28,0
39c56ecaf0344f74b9a837c46d7b6d65,-0.5,-0.68,0
cf06c72d73ce49e49a8f899f050351ad,-0.85,-0.84,2
2ede14e7194747efaca41110b20995b0,-0.81,-0.69,1
1623d04c324840dbaa6780267d7befac,-0.47,-0.53,0
cfb557305fac42ba92a9b6ad282e7766,-0.7,-0.55,1
ae833cbdcb2942d490fbe77c194a4b2b,-0.78,-0.77,2
766abdb3d28449a6ae64f7873ded3c15,-0.87,-0.84,2
f13e1907a8bb4c4fb2e0dbb877290183,-0.39,0.04,1
131ba9ce17ad4fe39c59d0e62e44d9a2,-0.38,-0.32,2
4aec6f0cea514dc8a670d4ee2339a907,-0.87,-0.99,0
096ca62fc7b64c429219efade0dd4e8b,-1.01,-0.8,2
a0cf89b02952493ab649c72be96bd441,-0.5,-0.54,1
63f6217cecb74a1bb2b9bc2b129275db,-0.95,-0.4,1
f91991e106b14ac29f1a3a56826db872,-0.82,-0.82,2
d1262c52b2fc4c798529494935f998c5,-0.88,-0.67,0
b1d029950a4a4f35a0b6c81f43d3f932,-1.02,-0.69,1
90d0c00bed77408d840f3adb7b3a9341,0.57,-0.01,0
bfc4c946a0724ad0957e6036f76e964a,-0.87,-0.87,2
2d576fb6c05e4d228dd61b0939e96e49,-0.86,-0.92,2
a4e3de1fe5ec494799e69e881e0b048c,-0.93,-0.8,1
58eb768aa52448a2800462bb5f741c4a,-0.88,-0.9,2
48291942a6a14480bef3c7ad1a54ed21,-0.91,-0.81,1
b57a76a27f274fffb9058bf039e0c2b7,-0.89,-0.87,2
876b7b5688614a5a958d767122909b96,-0.82,-0.82,0
0dedf35b1c344cf3ae011fb4ff727751,0.65,-1.45,0
9cb778db49f147b989e4dc2deb439a43,-1.03,-0.94,2
3f098e023b4544489aac7a50eb3ad760,-0.75,-0.79,2
33cd2611bc4d40fe9e4ba08b116ae9ef,-0.79,-0.62,1
b8ab341412da46d19b4d751d5f3befb8,-0.09,-0.15,0
3b05c4eeb98440dfb43bb1aa638736b5,-0.11,0.0,0
6a4e34115c5c44a6acd1ca380b376c3b,-0.77,-0.84,2
5a03c311200c4d08baed0d843483c669,-0.56,-0.53,1
67629d76b5de4b26908ded9d4cb64658,-0.45,-0.5,0
b67a0c1d4acb406785e3eb3a395133e6,-0.21,-0.34,0
1ef4d221302c4ab28934802eab1ae0ab,-0.84,-0.12,1
83338ef464294d3a98bede79e44eaee0,-0.59,-0.63,0
0bf9998c56554ed49ab2618398f76698,-0.87,-0.81,2
207942da5fab4364868e678e0cdd381d,-1.2,-0.49,1
45b5a27f1bb844f3aca757082a99b141,-0.64,-0.58,0
96b33a1b00424d31a990e8667a5aec3a,-0.89,-0.86,1
e4ff1cbafa4e4a47809e2e30e1519b1c,-0.3,-0.08,2
5dbe9db901f8489abb36017ea93a2d75,-1.05,-0.85,1
e89fc235b2c54391b94fb415c1f7b7de,-0.13,-0.08,0
c33d7ebe30564f2286e365340131e187,-0.03,-0.48,2
96ac6229beba47fcb06f31712cae5a2a,-0.66,-1.12,0
c96e17980b9043398c8c14cd6b143ebd,-0.88,-0.88,2
094653636efc423a9006532241560102,-0.84,-0.82,1
158067111b5547af888b307ef775fe09,-0.65,-0.76,0
6721c427f58c431284fc4e108505f810,-0.36,-0.34,0
ca446e435df34f9886f4f06d25e91026,-0.24,-0.73,0
a1aa89c275e34741b013448a28eed8a5,-0.72,-0.75,0
aa78e0d937184c0e9fafd87ffefc9ead,-0.54,-0.45,1
56e7cca70a234c6e91c5aaf7aa861e8f,-0.87,-0.84,2
9327c099e82c452eaba7f60d338edaa3,-0.75,-0.74,2
a632607132cf4908883fd262102714c9,-0.48,-0.48,1
a0857d64b4954ea6bd75c2406c3dd32c,-0.48,-0.48,0
53043ee6038f46ea96f65d5c4be6787b,0.11,-0.02,0
e4a1fc8a9462475d95022914cb9f5b03,-0.48,-0.48,1
ad1646755d154e3886bceb0875f0477d,-0.8,-0.84,1
c7aa752f61dc46d093dc86713686f6f3,-0.48,-0.48,2
efa064253a024aac887f60715c3abbb5,-0.48,-0.48,1
afc07d7bc48947bcba10ccc513c6281d,-0.46,-0.68,2
3e923557123341e4b86b68b37665d8f4,-0.55,-0.51,0
3a64ace6e5384d70bae4350d3f403121,-0.99,0.49,1
9e688e8a8d5e47d3ac4461f0a735af0b,-0.82,-0.9,0
bae631ba3a2c4e8e8c7dee87daa43e47,-1.12,-1.09,2
dddcfcd356be415e8bfb5c3f2572e604,-1.12,-0.49,1
4bcae00e6c334fb484392c98090ed606,-0.84,-0.46,2
0e5d467ddc2a4631ab76c72a7f5cd34f,-0.58,-0.45,1
8d95893c4dfd4ef0b0ba75952c8d1a0f,-0.63,0.08,1
d7893b91965d448eb130b473d5a3a882,0.07,-1.43,0
3af3dccf606e47168e5a63423dae8def,-0.57,-0.29,2
9eead65f4c544c8386fa564ae7f8a562,-1.1,-0.38,1
37f38454650245438d21c666ba5f9497,-0.33,-0.57,0
bff6c19daa8d4efea450c61ab7218640,-0.57,-0.29,0
c0ebc1c73fb64bc3ac35dc51df251c09,-0.93,-0.87,0
6f29026582844dc9817916a570b8306e,-0.6,-0.82,0
05551003219349b888d6b7f499af4ec9,-0.88,-0.89,1
799c31277b754372bd89a29efc19e67f,-0.11,-0.88,0
a97f7f5617984fa7af111bad14de04f8,-0.64,-0.82,0
bed4b805c8ab4d8c97b76966bca0cbbf,-0.94,-0.78,1
b8cdf6b72a704d5b876219629e04d379,-1.06,-0.07,1
166307a099a846bf9da98fb6c0e3fb85,-0.42,-0.96,0
c5541b31656b494f9c0126e864d3ec0c,-1.23,-0.03,1
f28529d6354c41e3a7e5ec2736e68660,-0.64,-0.77,0
91be88fa86724aef8e1b35d08bbb146d,-0.9,-0.9,2
14db299e265e442d8de5e949211cc9ad,-0.9,-0.9,2
c44b406b2367428897ddf785c27726e1,-1.5,-1.39,1
4d741ba4f6e048a68caf9458336284e8,-1.27,-1.3,0
843c4d49ba7d495dbcc864e56ea34acf,-0.65,-0.51,0
2356b547f9c64d65abe8e4abae0fab0b,-0.87,-0.65,1
80ab4076fbe94e2e96770dc3c4abbe34,-0.44,-0.39,0
b58af5936ef1464499f37cda74919b1c,-0.9,-0.9,0
ebdf303001844fe4b336cf1c3f31018e,-0.64,-0.61,1
89e8697495224ee093c23f2b64ae803c,-1.05,-0.53,1
9b38f51386924b2b8f3a92c365790da3,-0.25,-0.77,0
a324cb0475b7474597880ce1730fbf31,-0.87,-0.88,1
4f0698ec03ad4751b1cdf4604eb6e2cc,-0.84,-0.89,2
97e45a06fab2412c97501797a09eec1c,-0.89,-0.85,2
3282ce7e345c464d814780ec8e86b293,-0.87,-0.88,2
8c64fa59ea124094ace36446936df42e,-0.89,-0.87,2
64aaac0b745a48d59ac4e12f7151267f,-0.89,-0.88,2
b7c9f5eb4f564fc09ffe30c9d98f73bf,-0.86,-0.88,2
2d1e071318bd4a69b78b2ed54a014d62,-0.89,-0.87,2
ca9dcd8d906841b181c003c40c8ecb26,-0.89,-0.88,2
ccd062bb08d44aab89375520c800a921,-0.85,-0.87,2
ce4e6afd661045dc8f6f150d3f4c6a5d,-0.87,-0.89,2
a9cfd182ed0348e0b37058e844452d93,-0.89,-0.89,2
b2ea7bf50c27439daeb8f6f1b03a3633,-0.75,-0.08,1
b2b2bcb67b904fcd8c818a048c76cdb7,-0.03,0.04,0
62c40ccae21d4a9f871be722ea9ff0df,-0.61,-0.63,1
80b2afb8cbcd4e6abafc3f1a21ae69a1,-0.54,-0.89,0
34295d5b50de4dab9e43c56bdb1cd2a3,0.52,0.11,0
7e428d4e8b744055851a7a34bb3cc66c,-0.32,-1.02,0
b7f36fc0f64548deb5bdfdfe5eaaa0fb,-0.89,-0.86,1
e0d0ab874cc34832b1ca20be6f0e533f,-0.61,-0.26,0
687b6a91864449d2accd1e6ce3b0d69c,-0.85,-0.8,1
dd6e7ee3f85e41c3b894b9f32f07f727,-0.57,-0.61,0
e52a90fa86ae4249a51305540214acb9,-0.72,-0.84,2
8cfe4a43b8d24b30a7889ddab265b7be,-0.89,-0.89,2
7ce7dd17dca647c1b51b377bce5cec27,-0.74,-0.61,1
ba0cbba8fea643328b41d922e0f6c8df,-0.91,-0.82,1
630bd26c43334edc94c7a1f48d40aabd,-0.04,-0.49,1
4e711f580f004e17a058de7938583280,-0.69,-0.43,1
6934377b27e34cedb5cc22e9509463fa,-0.44,-0.47,1
207da48ef602429f9d656370ccd543c1,-0.03,-0.6,0
5f3d5f07b9f34eb5bb80c85ba6f3d7d3,-0.43,-0.61,0
36c42c8483b9434f9c30c27f48152ebc,-0.95,-0.95,2
2cb4b680ec33483ca1d4c0760e5e5a18,-0.84,-0.84,0
85469040ae2e461a949b119f30ad3cdb,-1.01,-1.05,1
fbbd8295b8ca46119893eb4680f47d1a,-1.01,-0.99,0
017bad0507554fe6ba0f0fa0790bf05f,-0.94,-0.9,2
214a680e459e46a0a7f2dab6eb3c1adc,0.1,-0.32,0
77d323cc005a4501ba382a5b41be4781,-0.08,-0.08,1
839425c1e0524b85b1c780961febd70d,0.03,0.03,0
a8f7788aa1924810bb0d7c81f0006596,-0.84,-0.86,2
5444c0a4633242ff8edfb9b43ad39115,-0.84,-0.86,2
8f74b41860734a9b8e68569da1a0ee3d,-0.71,-0.61,1
139b1558b496451f80a1f8a08dc03e6d,-0.92,-0.92,0
e811ab8e77734dc7aebc7a8e9684af74,-0.88,-1.02,2
3fbff97941534644ae9e586cadc8ed12,-0.61,-0.2,2
6764f2bf0606446ba9ed14ed0379eb2c,-0.32,-0.71,0
c269d37f68cb4b1b9894ce1416cc2bd5,-0.82,-0.57,1
2fddb588132d4058babf61070913bff4,-0.64,-0.64,2
3c76b70d1b0c43f5a7752d5512062151,-1.09,-0.71,1
9fd5821e44b24db18f2d93855ac6086a,-0.23,-0.23,1
f4fd8008addf49aa9e57d1f0dc52d9f3,0.07,-0.71,0
89f7c85e10714f13aad3554d8d421850,-0.95,-1.42,0
8d2595ab65bf4993acc206e1f0239e2c,-0.28,-1.01,0
ed74ff7523dc47ef9b2b20482bf25078,-0.36,-0.44,2
305f228376eb4ed7823966ef3b5d8af9,-0.82,-1.38,0
05eea8e8c61147a58d750b7f60ab2445,-1.44,-0.8,1
3b09f3614ea94a95995c88978133c26f,-1.44,-0.69,1
496ef030e60c4908bc1a85b3e9c8e847,-1.44,-1.44,2
e105849e5cfd443c8306065801c31d6b,-0.46,-1.43,0
17068d498b074160bbc7b3ed2663a84c,0.01,-1.35,0
8eee7ebfbbcc48b8857c53ae1fec94ed,-1.41,-1.45,2
2699e95d298a41b5b75264c020573409,-1.44,-1.43,2
dc7271a48ed740b393f96b8eeb96cee3,-0.49,-0.51,0
88e9742c021b4cd581d60bda2a39ac0c,-0.82,-0.86,2
1ea8b1f085164464847da66b199c4372,-1.32,-1.69,0
965a220c7a39446d8f1e4dc98cef27b7,-0.53,-0.48,0
077263031c5e4bde82d8ec3dc4715301,-0.81,-0.81,2
d60aafdb07d24529ae1b06cc76bef6e2,-0.61,-0.45,1
0c6bfdc7fd3d4196a72336e9baca53f9,-0.8,-0.39,2
0dc56eb2858242099b329bd9674c439e,-0.42,-0.46,2
0dc56eb2858242099b329bd9674c439e,-0.42,-0.46,2
37cf0626e8b0435599b9a61e823c65cf,-0.7,-0.74,0
b20845c1ced340f1a67a18a4a1a43353,-0.5,-1.04,0
0d3ae5c311d1427399a1faf0a2192fdb,-0.38,-0.66,2
bd78bf28f506462bb3c53aaedffb9237,-0.33,-0.38,1
082557a99dfc42e8908681f88117c331,-0.05,-0.14,2
65cc716b445049c3ac068b09ce646aa9,-0.77,-0.95,0
cb604cd76ee64fafa2edda4e91e434eb,-0.69,-0.71,1
5488e57aba464638b88fc1d034546d16,-0.79,-0.43,1
690e16bbc62a4d9884c4cd1fd1b67d39,0.71,-0.77,0
1a39448f27bd40f8aa3f73cae7cedd8b,-1.14,-0.46,1
e099ca2e8c4446648543e3c5a4c4dc28,-0.82,-0.79,0
307a3d8e18874901bb3ef4c56fc830a7,-0.04,-0.5,0
112341c89d50439384ef1f36970cd3c4,-1.26,-0.77,2
14c300be15544d67b42a4045306d3f88,1.27,-1.4,0
89f85521e94f48619dab789a94899466,-1.28,-0.97,0
668112011667404a961f503c2a9d87f7,-0.82,-0.69,2
128627ca256e42b598795239ad8f2159,-0.54,-0.66,2
d7e60237838049aba05abf72c17b257c,-0.63,-0.78,0
f55d5062e5c54c6cb567051548eb5d1d,-0.89,-0.81,1
b5abb584e8264fd39f2b6b6f26df8f35,-0.86,-0.5,1
95de6f7466524ac092b6b9c06c55ec60,-0.48,-0.51,2
e83a348679ab4734976cf16a9742a134,-1.07,-1.1,2
db27158b86b84679a056ca07757f3b50,-0.78,-0.84,2
f0e2efee46094c7c88bba2c75e2891f4,-0.01,0.14,1
d3c3cd397ca94981b1ece2ddd1d9e786,-1.46,-0.88,1
09412161b9c8459fb2bd991f000e002b,-0.87,-0.84,1
ad2ba6d043b44039957d59fb0a53fc7a,-0.93,-0.97,0
8935f4ba865e44d99aa5a4e66fb82610,-1.04,-0.67,1
221688367b174511b3826c0103809c56,-1.26,-1.01,1
62c7ca7ba1c547a9b339c9dcc772e3ac,-0.41,-0.81,0
91db77f04ffa4e118c099f43c069bec2,-0.32,0.07,1
44e606a01e384ada98c23bfb5daa1361,-0.34,-0.4,0
793abd664c6245c2aea7b00e200bdea3,-0.44,-0.25,0
4f829908b39d4ccf8e3ab2c75bc4ab49,-1.35,-0.02,1
5a79a84c5efd4595b936ab2037b95e25,-0.67,-0.67,1
1a83f07a67a74746b627ad32b46a33ad,-0.5,-0.95,0
fea70223a2164847bd909f20afe53096,-0.79,-0.85,2
ebb48eaa107f4c7ea006a8e5866f0b87,-0.02,-0.15,2
18fceeddc3944de59b1528d3510914fe,-0.94,-0.93,2
6fdf0328dd7649bd802a4a1dcf4f7c66,-0.93,-0.88,0
525f33cdce1642b895b5804a47904d13,-0.68,-0.68,1
ee72a74a47d94b42a9f3ddc7ff48fef3,-0.59,-0.66,1
17fbe3db7889461e9942348ecbd6baca,-0.87,-0.77,1
ac5bee492f974aae8ea8f193605ce950,-0.85,-0.61,2
3cc29cd12aba480e8a334141628f02bc,-0.33,-0.77,2
f73e1c808bb54eda91ae7b92b0bffd34,-0.72,-0.28,2
a5a84b4d956c4e708434ab93bd666797,0.18,0.16,1
83536551b52d4dd2ae302c7bd3a34c47,-0.9,-0.93,2
6f427fe80fd64dda962d4b19660325bf,-0.61,-0.85,0
f4a556ff4f484a989b8cb3fe67c4d643,-0.93,-0.94,0
449b72b016df4e6da8503816b20095a9,-0.89,-0.93,1
961766039077402383261ed79ced001b,-0.91,-0.95,0
1b060a261aef4d7dbd52bdf7408ec05e,-0.89,-0.87,2
1ded0cfd7dec4032845e5cd9f8d31ee0,-0.9,-0.89,2
a81e04a0a02d4735b78f05a83e93a4ce,-0.89,-0.91,2
fa22afe6af9a466eb45ed5e38bd383f4,0.61,-0.05,0
63998d11e7ff41dfbd0e5b3aae431e46,-0.4,-0.36,0
57e41657c503452a8afa159f0fc7a3ed,-0.47,-0.54,2
943ad848a8b2492eaf254b76e9f4052a,-0.49,-0.37,1
bb73b7a24a5341329df8e971956624c7,-1.23,-0.54,1
ac65660a72724245bb6d63a8a09c2516,-0.74,-1.2,0
190ffd85f0a1425b90c5da2cc9f7b6a9,-0.03,-0.02,0
e9854959280e4c43a5dd5dda62680465,-0.35,-0.13,0
4a91d3b34ff64995ae2304af9ef0f82e,-0.56,-0.79,2
d079831d0e9545c49dfabd54ab43ccaf,0.11,-0.15,0
c3b3462acbfe40ab9dcf469f9cd014ad,-0.19,-0.05,1
088ebc766c064f0b9412f7429ee64f9d,-1.26,-1.23,2
a34e6ae78b49451cb78304f28b704b1d,-0.42,-0.7,0
aee591bcad2446539ddb562fb4aefaf8,-0.7,-0.54,1
0dc188e425d84d81b302aeb1d4cfb60a,-0.9,-0.8,2
613a26fae0a141daae7b893f9e19a37a,-0.61,-1.08,2
3cf40b84a0554ceeb1501764b5824762,0.17,0.01,1
ebd1de8fead24d9a8c419da2405bf671,-0.5,-0.47,0
27c9bd9b0b2a41129ae665040ef3bc70,-0.8,-0.79,2
a30cf1db4f2e455fb3f617eea015c456,-0.85,-0.81,1
edb3780129da4160a506dda9810e2019,-0.82,-0.84,2
b6f8d8d4df344619aa9ed6e2ac8abcd8,-0.82,-0.82,1
7879f1c96f1146e68092488bd02a16d3,-0.52,-0.52,1
1d5ce7b506d34b2590442578d941c5a0,-0.71,-0.71,0
e0e9bd092f9b40afb09ab985bac01f95,-0.66,-0.79,0
e89333b83c46472d9e3149c23ac3a33b,-0.77,-0.77,2
4ecc2a70851649ed9d4b6db5dbacc1fc,-0.75,-0.8,2
7c842820922442629ca557829d09868c,-0.81,-0.78,2
ad2ac24399964fcf93a2ef50f08c7872,-0.79,-0.79,2
718bd3cc368947ddbbd3b309b6dd3bb1,-0.78,-0.81,2
7ffd63c605f04bb5828381d83c7f592e,-0.66,-0.33,1
a978809e1d094b71a139f8b3c2768a4b,-0.77,-0.76,1
f7d69f58c469468e8e5d289e5ad3a672,-1.18,0.92,1
a94a2bfb73cd4988990976d264801e75,0.65,-0.04,0
e7af5e0546a94ad1945c617d025254eb,-0.39,-0.79,0
e15b236cca83406d98f5579be8309fe1,-0.54,-0.53,0
7378619e32224452b868c34f8ddb3794,-0.95,-0.57,1
a14260ddaa894eae8c82a8d15d809ce5,-0.79,-0.77,1
c348240834e54845b697650ef5000da9,0.31,1.05,1
e5df969a3ab24f9da4bd0eb7ec9074e4,-0.01,-0.78,0
74646e4808c24d79bd60ef02add4e0eb,-0.79,-0.77,0
216fefaa86814a8b9dc0a400e5d1f3bb,-0.66,-0.79,0
f6837b448a0c462a86500d01564b1cc5,-0.15,-0.03,0
df2784e5806f472caf56656591e7e483,-0.91,-0.99,2
9003226b13a6407da62d988ce2512217,-0.56,-0.61,2
de6284e09424404791366cce8f58c81c,-0.57,-0.66,0
82849e962d804dcd91b2b96bdf4fd876,-0.9,-0.9,0
693bb7aec03f4a85997548f2fff31d8f,-0.57,-0.84,0
626fcb4e18854f10a9f66079b8a3366c,-1.16,-1.3,2
15ee7b7f8128439cb6f898814a326a89,-0.98,-0.73,1
33818333c04647aea099652004668842,-0.71,-0.47,2
dc65f53ccc1e4a43a4c61dafcd69209f,-1.1,-0.9,1
39c783c45fde4dedb14e6d7c7d5c9835,-0.78,-0.82,0
fa0868965ee541038a1f652febfb3206,-0.71,-0.76,2
abd9ef1d58264395bfbc40a6099ee5d4,-0.78,-0.7,2
159b311395104fc6a88ddfd3fd2dae20,-0.68,-0.68,2
b2ea396a9e3b461280e3caff7b48b5f0,-0.77,-0.71,1
fa4167b8c853429ba59895a9ea3bbcd8,-0.59,-0.79,2
f998530cb3c649d3b20e7816de6efd57,-0.84,-0.88,2
d8e15a2b3b3740e282b92e5440c62d99,-0.34,-0.25,2
c923b5a969bf40b8bccccadebf86011e,-0.87,-0.84,2
6ffa970e3d804617920081e357cdff89,-0.71,-0.69,0
9787137b378f471691c5b88748bb057b,-0.28,-0.93,1
66a63fb137cc4edaae52987d35a2b063,-1.03,-0.77,2
0c73ec1ec2b048f08c527f69b6b8cd51,-0.88,-0.21,1
c60e3fdbc2f74f1980af725ab56126a6,-0.16,-0.73,0
e4bd646a354640349977eb1c506c8c77,-1.39,-1.08,1
c541d3dfba9e4ce5acb7bf22cb26564f,-0.38,-0.46,1
25acf5aa33404805bbbe83a44749e1e9,-0.55,-0.76,0
c956457a44b6450cafffadbba4a7f3c4,-0.49,-0.44,2
5251e510b4074f898b06d464c0eadce3,-0.85,-0.84,2
4efe80602fb94ba59dc48a3cc66bda84,-0.72,-0.72,2
081c47a2715440a389b0a56feba018e6,-0.43,-0.55,1
70f87d1e8b02422cacfbea506e2d8202,-0.41,-0.43,0
638b5ab92e854cfbad4b2bc86df8c8f2,-0.47,-0.49,2
33a64ea698b24fd0a73837983bbcbfa0,-0.72,-0.66,2
bc40a323ce1e4037a4f8f6067bfe207a,-0.9,-0.9,1
d703a4a942bf44029ddeef710f4a8f1f,-0.0,-1.36,0
e06dc3872edf40b181345595c3f34f1a,-0.68,-0.61,0
d62d28aaa33d457fb16f231424f8ef10,-0.96,-1.06,0
e579984b09814396a6b8631127498544,-0.93,-0.92,1
ab8b5629e19c4cda9ab4a70e640f87f3,-1.02,-1.05,0
839c62d2200040a180a94a7fcee96026,-0.82,-0.87,0
1d4660418e3d4da4bb8b1faa24f9b28f,-1.04,-0.79,1
7cf96677f25b4db8b44feadba7a5ed94,-0.66,-0.67,1
f25af1fbb02344fbadea7924d29d4278,-0.82,-0.82,0
4d73449e647b4bacafadb87f065e9c2d,-1.05,-0.93,2
afdbce3425614f51af897a7e09c45682,-0.01,-1.61,0
76ba8b63bede494f8b5a6b6ff702c195,-1.01,-0.33,2
b9f0de322d684fb9a9f47982830dc5d7,-0.9,-0.95,2
4ac5c8bd5f074c66bac1c8d6405c234a,-0.45,-0.15,2
d71a1e01d8f14b489c1d469719f2c458,-1.06,-1.06,0
ab7e17587c7e43dfaa447ef33c4e072e,-0.81,-0.81,1
c07236811d624cc49c02a956ac7a0d7f,-0.77,-0.77,0
cf4158ddde6e48bea32fd0b703154fdf,-0.77,-0.75,2
638b69d9536040c1989d273ce11ba559,-0.66,-0.62,0
f944e50542264c8e88812455491851d3,-1.2,-0.66,1
65f81d1113664e14b3d903ab78bc08f5,-0.61,-1.27,0
456830585b004c99988e6627fac8b160,-0.78,-0.81,0
09c581279f3a4328811a1cc2d0ce9ba7,-0.88,-0.89,2
ab9aba056d8947428dad5eb529737b1e,-0.79,-0.75,1
2dd278d5e16b4f108cc09dc623104a2e,-0.59,-0.47,0
ba75e7143362450e9badc32424c4c4ef,-1.33,-0.44,1
90a9430eeb8f41c382b2bc9ebb9e0e71,-0.35,-0.27,0
61e08892ea80486186da740eaf424173,-0.37,-0.48,1
459b776375fe473a8f1833d5742868d3,-0.95,0.34,1
e5ee4bf18f93433db94c38d9658a3a43,0.28,-0.06,1
17262940de8d4fbd8274b2479488e45e,-1.05,-0.89,1
4f96df8aff514693a928fcb500c27fa4,-1.14,-0.94,2
ea83f850300f48118bda271951c299b0,-0.86,-0.9,0
b9ae1c5816e34378b929bc9e3af1bdff,-0.04,-0.37,2
6ccec58eb4c749b190ad1c5649e91c34,-0.92,-0.71,1
fac9429905184c6589969b5873e9f95b,-0.29,-1.08,0
cedfc13302df4bdf84d157190d235638,-0.57,-0.46,1
b4fabeb9ef274eadb9cd487ff2c99d7a,0.65,-1.55,0
3be669f44f5944ec951c9ce1b1b38ef6,-0.75,-0.99,1
83a6519ead774a7289af7ff9b3c4ec5e,-0.93,-0.39,1
85366e724734443bbe57f630fea9a54c,-1.37,-0.71,1
a3d4c84de0b7487fb1f7410ad80c5e40,-0.71,-0.74,0
ed842096763b4503a07cdb80f98b8afd,-1.17,-0.49,1
b59a6190a5ff47eb80d056a06fc6a827,-0.7,-0.69,2
36546f1604c14f92a9becc25b82909fb,-0.91,-0.94,0
492ffed122bb431cb27b0c22727e0bd1,-0.38,-0.99,2
8ddc830a7cce4c899cd4a3aef5a069ea,-0.73,-0.71,1
05612fc4529847d787d401c2725e03b7,-0.62,-0.89,2
c9e780cf5e5d423fad6e419569408906,-0.79,-1.02,1
163faa653de040078114d1e994452bbe,-0.2,-1.09,0
8f6bbbad8ee54738aab43dcfa745d288,-0.89,-0.86,2
975c3a0aa0f34ecca112f77b2c63264b,-0.67,-0.65,0
7a984e4e13a34c649171aaf0cc552abb,-0.44,-0.54,0
3da3bd83ab8b4964ad92ffcc40821fea,-0.84,-0.84,0
c34061ee9e6f4454ad248fc54bf0a2d6,-0.85,-0.89,0
90e72ff605b241b78c0e50f502a207cd,-0.61,-0.94,0
4111248caa604961a758e55d7d7d7be0,-1.08,-1.05,1
c991f3ac3f584aebad0d910510146e79,-0.78,-0.88,2
cf6dc2815321455ebef7bbb15689044c,-0.96,-0.94,1
bef8368a7d4c4c0aaa1860085a547d37,-0.31,-0.56,0
8948fefa026e4a5f926a72c349a7a9a3,-0.47,-0.56,1
7939cbc167d94b87955640b320e540ad,-0.65,-0.79,0
c6f0eac2082149388e789990de8d789e,-0.3,-0.33,1
19070a06c4244a26b2dc3eddfcf451fe,-0.5,-0.76,0
36e9c0d83b5d4eda9f8a030b2a9885db,-0.69,-0.77,2
fe8ff06177944879ae10792201c06b50,-0.38,-1.05,0
581c3bb0af384f499fa12554cccc0d4b,-0.78,-0.77,1
b5f84deab61445318f8820ac2b20f417,-0.52,-0.58,2
a9c5910ce0cd468f98a7afe94b6ed50a,-0.44,-0.93,0
1313b3eae1464290aefc114444ac9b00,-0.71,-0.73,2
2fc6a5d64e8e43bebb9d55ebc76c27c6,-0.89,-0.88,0
e7c6ddc1b25b4e9e903cd310f5fb37fa,-0.66,-1.05,0
99d5df9fc5d541eca3256e66b3a135bc,-0.68,-1.12,0
7d895fccad014288a8308dffd641d1e7,-0.82,-0.82,0
b2a15414b8d1451ca71c28621e7f5743,-0.65,-0.65,1
3da13a4217604ba5899f43ca48da78f6,-1.17,-1.12,0
00d63183369643d8bfedd6a9a2b6e5ca,-0.6,-0.66,0
b42594f01d3347edbce2abbf6fa46c99,-0.82,-0.81,1
5920c4ea33d14934b011115074e6e23f,-0.99,-0.85,2
b7255fb6b0254b2bbef2d29b82294603,-0.54,-0.78,2
63cf420d1bcf41a3abfe1f3a21c73ed4,-1.26,-0.82,1
26ec54e44af34af49509a3062d148b81,-0.96,-0.89,1
49cabfd072f348c4b7bdac4027ebc446,-0.78,-1.3,0
a4c686f378e145618762e03909372996,-0.81,-0.82,2
b148bea213bb4893b39698c45fe1fe34,-0.84,-0.84,2
f7629a59a2604663843d8bf7dde1cebe,-0.89,-0.95,1
8b6088be0c2441f9ac33ee18ae5a5751,0.01,-1.72,0
31daa50fd9a24344a23b7790dab1a1ea,-0.84,-0.84,1
a56195c97df24de79adc29773b238f02,-0.84,-0.84,0
874e4fa3898647f68f7c5bac53be0739,-0.84,-0.84,1
87cd6802ae274417ac4e4a5c4da48b9b,-0.84,-0.84,2
89b983f444934009ab2eb95b5f90defd,-0.84,-0.84,2
276e638f28f24ff892680e7e2860e5c8,-0.64,-0.53,1
1a57015ab9bf4939842fff8eb955c44c,-0.84,-0.84,1
0e933b23db774d1b93385206d402add3,-0.22,-0.21,0
c5335308254844bea882acaa85c9ec33,-1.27,-1.16,0
a9a261b2d7a24e8b8eda12c58ed32bdb,-1.08,-0.6,1
dddf12e8ec374487ad183b064f84bb14,-0.8,-0.02,1
eee3aff36c864438850b571dcbd4838e,-0.3,-0.19,1
30e60c02c42f468899b3f4cf236162ef,-0.71,-0.71,1
c34b906a41e5430695a4521bfd3de4c8,-0.88,-0.86,0
7caf3a5f11ea420dbaddc6578c71a548,-0.04,-1.53,0
489f0639adce4d4daa0dd4415cadf7d4,-0.48,-0.27,0
14028b4d19d545768dc477968e057245,-0.66,-0.61,0
58ad04952b6f4439a7dd72c4114d4679,-0.85,-0.85,0
bc7ba75f211442b5b6be5431d4f8418d,-0.93,-0.95,1
a96b7fd536f34d3b808f07f7c849fdb8,-0.84,-0.84,0
c5d18398af50444aada8f9cfe937d29b,-0.86,-0.87,1
dc7e96f62b43449e88da5c6acd1d4e11,-1.05,-0.95,2
9f1cf61c9f4a4345ab37677d2b6a016e,-0.91,-0.81,2
b3e13730d52540c3a501b29960044fd9,-0.85,-0.74,1
7ffc4df7ef2343e686ca3b1f5500b71b,-0.95,-0.81,2
4d1c72d61dd14ef7bc74defc26526303,-0.39,-0.65,0
9cd3439e668b40898eb2bb883e62831c,-0.85,-0.82,2
69286a306b7f48b98e61346bbc9ed899,-0.84,-0.82,2
64351ea42b084acfab84dbb0c1367371,-0.82,-0.8,1
0afa39343a2c4c8b82601b15763d0d60,-0.84,-0.81,2
5ecafe09676a49a8ba6d78f0d3c693b9,-0.84,-0.84,2
6329df93b3104eee85dfbb7e4f0228dc,-0.84,-0.82,2
7b9232c1e6db4dc490b9fcf903add41e,-0.92,0.06,1
bd496277a0fd4609aae7f25b47872807,-0.6,0.29,1
ff2e0a27c18a48fda0632d83b5613d1e,-0.86,-0.89,1
2a5f83de543f45d9a23988ff2861c929,-0.84,-0.82,1
f2d503244ea0416298ded6062352de95,-0.3,0.43,0
ee9d89eb905a4ccab0e9217f5904ddda,-0.94,-0.84,0
4f66d4cd1c8a45a7903cc0252878fe67,-0.87,-0.86,1
24a57913fbbc4a4c8b68ad992f2bffae,-0.66,-0.76,0
2dacd04bf66943c6ab5e0a3938c9a30b,-0.21,0.04,1
09dca05b532d4448b7a3cb87434cef0c,-0.16,-0.08,1
353602355e5545f395c62aef189b6f42,-0.33,-1.41,0
3b3ca1a4e633425c86b69ad54443eb7c,-0.16,0.01,2
8b96f8b6fff94c46b9eed334d1e78215,-0.97,-0.67,1
d351ae40cd9e42dda4a69eb62d956713,-0.96,-0.96,1
42356ef8ef234b0b9e1a1cf39b58a343,-1.18,-0.82,1
763027b88f454e3c96df2425f54cd08e,-0.56,-0.96,0
4ffb062b326b42c0979e4c4f48349dbc,-0.18,-0.29,0
3bd22ae571f44fa3bdd8506b2e54bbc8,-0.66,-0.95,0
bd187062ed76456ab45ae907f9d7a1fc,-0.28,-0.43,0
f481168cd08d4b8ea4e8a8448506e353,-0.79,-0.84,2
b07ccdddd0e94557b524cf02aeedb2d5,-1.04,-1.08,1
227238d91ca440eebacf4e6689f8aa97,-1.46,-0.64,1
917ebbb50acf4f588b3808f90aa34b93,-0.93,-0.95,2
3be08f5258d741a2b65b27e304cd3275,-0.82,-0.84,0
b6849f9b67fb4de083effaccffe70484,-0.69,-0.69,1
dfe95dfde6ce4b8788b97b2d6beb84af,-0.95,-0.95,1
6420274dc4f9443f854dd6b2990a112d,-1.0,-0.88,1
01cf594897a04b088ca625caa6ad5a52,-0.44,-0.57,0
ab6b68c325e94f959026431f2cb3190f,-0.33,-0.28,0
7ecbd6c68cf74fa09ac204fc0de24b92,-0.89,-0.89,2
ac02a9c65af1494796983ac84d6170d2,-0.5,-0.39,0
72c9beb4c9fe44cb95566264c2458811,-0.86,-1.03,2
d4281bb16d0e4d228a7244ef0dc087fd,0.12,0.3,2
23b2d02859fb44f1b93decf5535bcd1e,-0.93,-1.12,0
f1413a0008d042319056c00ae5335bca,-0.03,-0.24,1
bc0ac48df92246cc9eb5b798db0e46a4,-0.81,-0.88,0
62e6f64ee5c847ee9a0cafc44e3243d1,-0.66,-0.74,0
63af58b19e204ded8e114389f07c255b,0.13,-0.09,0
7fa635940b7b42de89eba98a2467434a,-0.77,-0.76,0
0d8ec6e2cd994a32ac57fdb8d5e4e0b9,-0.75,-0.76,0
896adc062b534b98bb245f369b9bfb87,-1.01,-0.95,2
a200cb0d10a64f4293204745f7602202,-0.9,-0.91,0
6c1172b4d6a640aba3eb4f5f98804389,-0.82,-0.82,2
203a2156bf184f04bffad287305a8b16,-0.87,-0.97,0
16d2387c92fd45f69ba545a79e68e1cc,-0.81,-0.79,1
a0d943896280422ab39d3e87bfa1a27b,-0.1,-1.18,0
9ec29b2385f54c80ba0e49ca8fec706a,0.54,-0.53,0
8f855f25c8e34b278aa33a95c4d29eb7,-0.48,0.05,1
d2bdf73ce5f34de1b95f51b2e3cc7df4,-0.87,-0.92,1
c712629de1ae44c5bc1dc8bb80565a70,-0.32,-0.72,0
73ccaf4955fe41319cede0f25288ea15,-0.77,-0.75,2
626b8a531c7b4dbcac7c462c6c994a79,-0.38,-0.81,1
11711108126b482c9984264d66bba278,-0.79,-0.71,1
5e05be79f3da4de98fd5d0720ee6d1fc,-0.79,-0.7,1
db9184ad17cb4d98bc5de6ffdd86ae85,-1.18,-0.96,1
ba72a0286d1d43e888793414403d3cc0,-0.89,-0.91,0
dc1919fd62e448c3840cd9f57f7be407,-0.36,-0.22,0
904be689a7ed4ee49fd334f8866683cf,-0.77,-0.82,0
9b955cf7784a42438465d21ded1e1b99,-1.3,-1.23,2
d07671965e484d03a23c3ec53963d665,-0.1,-0.4,0
eb08f8a7f20840c99efe9fc8c03f1c13,-0.24,-0.27,2
8a9558cc667042e2af4a32ec5b75d725,-0.76,-0.81,2
2cb91f280f1c49c59cbc81706c242b5b,-0.85,-0.82,0
7bbcc6e1417445a5a9c36a095ed1b1ef,0.41,0.1,0
fe361c61dc5f4fafab613ba403e56fec,-0.82,-0.88,0
4baca918f1f5440599ae9edb3bfa8cc1,-0.94,-0.68,0
eedd922ff8b64b5eb59c5e5cbf9dc190,-1.38,-0.67,1
b3c14c006d88440c88c7233966a23a73,-0.88,-0.81,2
d0da4aca350b4a6eb607ff579c5da47b,-0.82,-0.92,0
b99ba8e5ad6f45b08b0bea27fcf5ac9b,-0.79,-0.81,0
7b9320694e3a4c3aa696d6368227803b,-1.02,-0.65,1
79b0cb1a24d24ec58179cbe8ec41ddab,-0.33,-0.85,0
c3b3000a60184675b160a5e02094bbea,-0.81,-0.69,2
635fd473b540431eb2fd1a153c2f38eb,-0.92,-0.77,1
276fe9a40eba4cdba6de5260a18e5277,-0.57,-0.45,2
4c198728475040b8bf84dc4b74f98b7b,-0.45,-0.47,2
5cf1be2e58964aada5f803d3845da7af,-0.54,-0.49,2
a50dd744938945bba682f5103a69460e,-0.84,-0.9,1
a787ce60dc1440f39455ab20e3bffe33,-0.89,-0.94,1
e539afc5be724b93a7dc7a6fc1c6ebd1,-1.27,-0.98,2
6687460ec9c747769358335b4d01e8d0,-0.6,-0.45,0
c98c036c63e14ca385093db843287bdb,-0.87,-0.97,2
075a705de5fe47ee86ffcdf630b4d637,-0.73,-0.81,0
3dc09f20eedb405ab3dc980cf7bff5d0,-0.82,-0.85,0
2ead4f14178b40b298b3bd283578c754,-0.71,-0.78,0
75b64403f4654bb9ad4311f4952e9571,-0.94,-0.67,2
f8871c7e17bc4a32b84cfc98e4784c2e,-0.93,-0.93,2
2ed8fb5249b64ff09db2fade18682300,-0.64,-0.52,2
dc9efb49b32d408d84950d260dcfb9bc,-0.65,-0.2,1
8137b683d385431aa7799fe033cf72fc,-0.59,-0.6,0
2fce84ba07f74561b8106ba2eac5bba4,-0.68,-0.71,2
3343e8bc62fd49749ffc027da74c2d80,-0.77,-0.67,1
2b58cbf2f1134f6e9aac63edfcc86c19,-0.02,0.83,0
49e7715c61e64432999324c100b7b1c8,-0.65,-0.56,1
0d77d2659cd846bc86fe66cda3a16b63,-0.89,-0.56,0
d92584508d02450c8638a31f05faa37e,-0.75,-0.84,0
f4e95d7d36cc489c962e422065b2aef9,-0.88,-0.88,2
1521aa1b7cba4c52a1b302560d34a6aa,-0.32,-0.44,0
60f3c47764fb452fa83f53a6bf58362f,-0.93,-0.93,2
cf48ede921a047d187aa029a7acd98dd,-0.42,-0.59,0
fb3c6c2914124683ad805425a22ba93b,-0.84,-0.77,1
d9357a57670b443795de849446c6f06e,-0.9,-0.66,1
471beeffa2d347a6bd499db66a74254c,-0.82,-0.61,0
5848eae88503415e9646a75a1d2840d2,-0.98,-1.1,2
b0777bbb47254383b58e68ca70b3039b,-0.38,-0.66,2
23dd48fffe20494c88b6cecb59314f56,-0.59,-0.5,0
fb4d58ef8649472783d364a9c1c8239e,-0.84,-0.91,0
8777c4945d85469d96cd26fc2ea6f64a,-0.62,-0.76,2
86063a921be548989c55b85497ab009a,-0.8,-0.98,0
6685a3b3863f4554887e432f7dbbe8a5,-0.89,-1.18,1
f72930b382e949ea879e7abf3cb1e587,-0.3,-0.79,0
a147958b2bd049229facdbffa72a4662,-0.79,-0.77,2
