id,resp_a_reward,resp_b_reward,winner_model_a,winner_model_b,winner_tie,true_winner
4211116217,3.03,-0.21,1.0,0.0,0.0,0
4211159893,-0.82,-0.8,0.1,0.13,0.77,2
4211248122,0.15,-0.25,0.74,0.05,0.21,2
4211385637,-0.19,2.64,0.0,1.0,0.0,1
4211405339,1.23,-1.3,1.0,0.0,0.0,0
4211559987,1.07,-0.02,0.96,0.01,0.03,0
4211791373,-0.84,-0.84,0.12,0.11,0.78,2
4211877091,0.86,0.5,0.65,0.07,0.28,0
4211935322,-0.66,-0.63,0.1,0.15,0.75,0
4211973456,-0.52,-0.56,0.17,0.1,0.73,0
4212004032,1.23,-0.71,1.0,0.0,0.0,0
4212250620,0.39,0.43,0.24,0.23,0.53,2
4212312947,-0.81,-0.82,0.13,0.1,0.77,2
4212432760,-1.2,-0.9,0.02,0.59,0.39,0
4212480740,-0.1,0.15,0.08,0.52,0.4,1
4212517026,0.76,2.09,0.0,0.97,0.02,1
4212683043,0.66,1.2,0.03,0.81,0.15,1
4212701199,-0.82,-0.82,0.12,0.11,0.78,2
4213015875,0.16,0.9,0.02,0.89,0.09,1
4213039786,-0.71,-1.16,0.78,0.02,0.2,0
4213057466,-1.44,-1.37,0.08,0.16,0.77,2
4213118986,-0.79,-0.79,0.12,0.11,0.77,2
4213159674,-1.07,1.06,0.0,1.0,0.0,1
4213165401,-0.74,-0.73,0.11,0.12,0.77,2
4213202148,-0.39,-0.91,0.83,0.02,0.15,0
4213413316,1.7,-0.84,1.0,0.0,0.0,0
4213461981,-0.85,-0.85,0.12,0.11,0.78,2
4213513260,-0.87,-1.02,0.34,0.06,0.6,0
4213513434,0.97,1.27,0.09,0.6,0.32,1
4213558167,-0.75,-0.74,0.11,0.12,0.77,2
4213576227,-0.14,-1.51,1.0,0.0,0.0,0
4213638078,-0.56,-1.12,0.86,0.02,0.13,0
4213703396,-0.16,0.04,0.09,0.44,0.47,1
4213950427,1.79,0.6,0.96,0.01,0.03,0
4214054512,-1.3,0.77,0.0,1.0,0.0,1
4214265819,2.7,2.05,0.81,0.03,0.16,0
4214279148,-1.87,2.12,0.0,1.0,0.0,1
4214325799,-0.78,-0.78,0.12,0.11,0.77,2
4214450583,-1.15,-1.23,0.21,0.07,0.72,2
4214689421,-0.9,-0.9,0.12,0.1,0.78,2
4214757383,0.14,-0.54,0.9,0.02,0.08,0
4214785258,0.38,0.8,0.05,0.74,0.21,1
4214811844,-0.38,0.17,0.02,0.85,0.13,0
4214871646,-0.72,-0.43,0.03,0.63,0.34,1
4214876898,-0.79,-0.87,0.22,0.08,0.71,0
4214893518,-0.81,-0.81,0.12,0.11,0.78,2
4214992724,-0.64,-0.55,0.08,0.24,0.68,0
4215069194,0.05,-0.09,0.41,0.11,0.48,2
4215105062,-0.75,-0.78,0.15,0.09,0.76,2
4215140113,0.01,-0.12,0.39,0.11,0.5,2
4215172659,2.14,2.44,0.08,0.62,0.29,0
4215257267,2.17,-1.76,1.0,0.0,0.0,0
4215346086,-0.77,0.56,0.0,0.98,0.02,1
4215382708,-0.57,1.07,0.0,0.99,0.01,1
4215486948,-1.8,-1.83,0.15,0.07,0.78,0
4215506531,-0.55,-0.63,0.22,0.09,0.69,2
4215540619,-0.69,0.92,0.0,0.99,0.01,1
4215550633,0.97,2.86,0.0,0.99,0.01,1
4215775875,0.75,2.12,0.0,0.98,0.02,1
4215802168,2.14,0.87,0.97,0.01,0.03,0
4215855431,-1.34,-0.84,0.01,0.81,0.18,1
4215922658,0.02,1.41,0.0,0.98,0.02,1
4215941661,1.01,0.99,0.29,0.2,0.51,1
4215943106,-0.82,-0.82,0.12,0.11,0.78,2
4215952705,-0.48,-1.62,0.99,0.0,0.01,0
4216024617,-1.73,0.68,0.0,1.0,0.0,1
4216063518,-0.17,-0.16,0.18,0.17,0.65,1
4216086527,-1.12,0.5,0.0,0.99,0.01,1
4216093509,-0.94,-0.86,0.08,0.2,0.72,2
4216097527,0.36,1.2,0.01,0.92,0.07,1
4216142538,2.17,-1.58,1.0,0.0,0.0,0
4216204587,-1.16,1.61,0.0,1.0,0.0,1
4216337905,1.36,1.04,0.59,0.08,0.32,2
4216393500,-0.68,-0.69,0.13,0.11,0.77,2
4216398877,0.62,-1.09,1.0,0.0,0.0,0
4216460780,0.58,-1.33,1.0,0.0,0.0,0
4216471352,-0.99,-0.95,0.09,0.14,0.77,2
4216704538,-1.15,1.38,0.0,1.0,0.0,1
4216751888,-0.76,-0.78,0.14,0.09,0.77,2
4216769264,-0.16,-0.62,0.79,0.03,0.18,0
4216888231,2.59,1.78,0.87,0.02,0.11,0
4217081008,-0.6,-0.22,0.02,0.74,0.24,2
4217089179,-0.06,0.54,0.02,0.86,0.12,1
4217158358,-0.76,-0.75,0.11,0.12,0.77,2
4217162489,-0.89,-0.25,0.01,0.89,0.1,1
4217163582,1.22,-0.54,1.0,0.0,0.0,0
4217167328,0.8,-0.67,0.99,0.0,0.0,0
4217207737,-0.82,-0.84,0.14,0.09,0.77,2
4217305068,1.3,0.74,0.77,0.04,0.18,0
4217499598,1.79,1.02,0.86,0.03,0.12,2
4217667437,-1.46,-1.59,0.29,0.05,0.66,2
4217724456,0.95,0.87,0.34,0.17,0.49,0
4217759934,0.33,0.53,0.13,0.44,0.42,2
4217960996,-1.23,-0.4,0.0,0.94,0.06,1
4218005059,-0.81,-0.78,0.1,0.14,0.76,2
4218036675,1.05,-0.89,1.0,0.0,0.0,0
4218187867,0.84,-0.06,0.93,0.01,0.05,0
4218205855,1.96,-1.41,1.0,0.0,0.0,0
4218242690,-0.84,-0.84,0.12,0.11,0.78,2
4218567078,0.15,-0.13,0.62,0.07,0.31,0
4218587748,0.78,-0.95,1.0,0.0,0.0,0
4218709426,0.16,0.2,0.22,0.21,0.57,0
4218722664,1.23,-0.66,1.0,0.0,0.0,0
4218747282,2.06,1.52,0.76,0.05,0.2,0
4219003246,-0.41,0.11,0.02,0.84,0.14,1
4219016194,-0.49,0.77,0.0,0.98,0.02,1
4219055044,-0.34,-0.82,0.81,0.02,0.17,2
4219086767,-0.95,-0.77,0.04,0.4,0.56,1
4219126037,-0.02,-0.59,0.86,0.02,0.12,0
4219126153,1.14,-0.27,0.99,0.0,0.01,0
4219148809,-0.82,-0.8,0.1,0.13,0.77,2
4219164523,0.02,-0.08,0.35,0.12,0.53,1
4219212483,0.06,-1.2,0.99,0.0,0.01,0
4219233608,1.96,2.34,0.06,0.71,0.23,1
4219270156,0.15,-0.78,0.96,0.01,0.03,0
4219323722,-0.03,-0.7,0.91,0.01,0.08,0
4219506837,-0.84,-0.84,0.12,0.11,0.78,2
4219516491,-1.2,-1.16,0.09,0.13,0.78,2
4219634469,-1.78,-1.73,0.09,0.12,0.79,2
4219667568,1.27,-0.84,1.0,0.0,0.0,0
4219980097,-1.02,0.19,0.0,0.98,0.02,1
4220056378,0.61,-1.73,1.0,0.0,0.0,0
4220063789,0.71,-0.61,0.99,0.0,0.01,0
4220149347,-0.33,2.05,0.0,1.0,0.0,1
4220233372,-0.33,-0.37,0.2,0.12,0.68,2
4220240385,-0.95,-0.93,0.1,0.12,0.78,2
4220290774,0.13,-1.05,0.99,0.0,0.01,0
4220305502,-0.65,-0.94,0.6,0.04,0.36,0
4220311356,-0.5,-0.49,0.13,0.14,0.73,2
4220495759,-1.22,0.58,0.0,1.0,0.0,1
4220521423,1.16,1.85,0.02,0.88,0.1,1
4220663412,1.89,-0.78,1.0,0.0,0.0,0
4220674200,0.23,-0.34,0.84,0.03,0.13,0
4220721936,0.6,-1.38,1.0,0.0,0.0,0
4220751793,-0.86,-0.82,0.09,0.15,0.76,2
4220753267,-0.09,-1.67,1.0,0.0,0.0,0
4220767928,-1.3,0.06,0.0,0.99,0.01,1
4220800031,-0.52,0.38,0.01,0.94,0.05,1
4220898398,0.22,0.37,0.15,0.37,0.48,0
4220954882,-0.44,-0.62,0.4,0.07,0.53,0
4221188589,-0.52,0.34,0.01,0.94,0.06,1
4221212915,-0.76,-0.78,0.14,0.09,0.77,2
4221368533,-0.33,1.84,0.0,1.0,0.0,1
4221534759,0.38,-0.07,0.75,0.05,0.2,0
4221564991,-1.41,1.26,0.0,1.0,0.0,1
4221594129,-0.21,-1.01,0.95,0.01,0.05,0
4221656851,-0.15,0.4,0.02,0.84,0.14,1
4221668962,-0.66,-0.74,0.22,0.08,0.7,2
4221720001,-1.4,0.63,0.0,1.0,0.0,1
4221790380,3.02,0.81,1.0,0.0,0.0,0
4221854008,-1.38,1.83,0.0,1.0,0.0,1
4221900502,-0.1,-0.96,0.96,0.01,0.04,0
4221941249,-0.45,-1.98,1.0,0.0,0.0,0
4221959654,-0.47,-0.86,0.73,0.03,0.24,0
4221973016,0.62,-1.5,1.0,0.0,0.0,0
4222028214,-0.81,-0.76,0.09,0.17,0.75,1
4222086737,0.81,0.82,0.26,0.22,0.53,2
4222174166,0.94,0.33,0.82,0.04,0.14,0
4222267907,0.15,1.62,0.0,0.98,0.02,1
4222362831,-0.89,-0.84,0.09,0.16,0.75,0
4222431561,1.31,-1.23,1.0,0.0,0.0,0
4222536975,-0.59,1.12,0.0,0.99,0.01,1
4222545106,-0.73,-0.77,0.16,0.09,0.75,0
4222577204,-0.91,-0.1,0.0,0.94,0.06,1
4222740905,0.99,0.74,0.54,0.1,0.36,0
4222785443,-0.87,1.15,0.0,1.0,0.0,1
4222806304,0.03,0.79,0.01,0.9,0.09,1
4222815897,-0.12,1.64,0.0,0.99,0.01,1
4222847658,-0.36,-0.4,0.19,0.12,0.69,0
4222896710,0.86,0.8,0.32,0.18,0.5,1
4222953595,-0.49,1.12,0.0,0.99,0.01,1
4222961817,-0.79,-0.78,0.11,0.12,0.77,2
4223244199,-0.23,-0.36,0.34,0.1,0.56,0
4223301255,-0.89,-0.84,0.09,0.16,0.75,1
4223340612,-1.17,0.29,0.0,0.99,0.01,1
4223345373,-0.64,2.81,0.0,1.0,0.0,1
4223387653,-0.42,-0.44,0.16,0.12,0.71,1
4223399997,2.5,1.16,0.97,0.01,0.02,0
4223410220,-0.9,-0.85,0.09,0.16,0.75,2
4223413602,-1.12,-0.33,0.0,0.93,0.06,1
4223746574,0.73,-0.16,0.93,0.01,0.05,0
4223763439,-0.73,-0.8,0.2,0.08,0.72,0
4223764049,0.7,-0.21,0.94,0.01,0.05,0
4223786561,-0.22,0.44,0.01,0.88,0.1,1
4223913492,0.33,0.61,0.09,0.56,0.34,2
4223951278,0.91,-0.29,0.98,0.0,0.02,0
4223990868,-1.39,2.47,0.0,1.0,0.0,1
4224066676,-1.04,0.34,0.0,0.99,0.01,1
4224115839,1.13,-0.74,1.0,0.0,0.0,0
4224123809,-1.21,-1.3,0.23,0.06,0.71,2
4224330542,-0.22,-0.64,0.76,0.03,0.21,0
4224487971,-0.85,-0.82,0.1,0.14,0.77,0
4224488475,0.33,0.84,0.04,0.8,0.17,1
4224532506,-0.37,-0.3,0.11,0.24,0.65,0
4224546335,-0.92,-0.06,0.0,0.94,0.05,1
4224565288,1.59,-0.53,1.0,0.0,0.0,0
4224707626,0.38,0.18,0.51,0.1,0.39,2
4224728234,-0.34,0.66,0.0,0.95,0.04,1
4224797115,-0.61,-0.4,0.05,0.48,0.47,2
4224812135,1.4,-1.03,1.0,0.0,0.0,0
4224860363,-0.51,1.14,0.0,0.99,0.01,1
4224863280,-1.39,-0.47,0.0,0.96,0.04,1
4224929567,0.57,-0.52,0.97,0.0,0.02,0
4225011878,-0.61,-0.68,0.2,0.09,0.71,0
4225023243,-0.78,-0.26,0.01,0.85,0.14,1
4225093378,-0.55,-0.64,0.23,0.09,0.68,2
4225138094,-0.62,-0.61,0.12,0.13,0.75,2
4225163398,-0.44,-0.5,0.21,0.1,0.69,2
4225174423,-0.54,-0.47,0.1,0.22,0.69,2
4225202894,-0.86,-0.88,0.14,0.09,0.77,2
4225209826,-1.12,-1.23,0.26,0.06,0.68,0
4225353156,-0.82,-0.87,0.17,0.08,0.74,0
4225429292,1.33,1.21,0.38,0.16,0.46,1
4225507700,-0.85,-0.84,0.11,0.12,0.78,2
4225571345,0.82,-1.2,1.0,0.0,0.0,0
4225692102,-0.91,-0.84,0.08,0.19,0.73,2
4225694468,-1.1,-0.37,0.0,0.92,0.08,1
4225794120,-0.95,-0.76,0.04,0.42,0.54,1
4225867641,0.19,-0.77,0.97,0.01,0.03,0
4225915327,2.89,-0.99,1.0,0.0,0.0,0
4226163107,2.03,-1.44,1.0,0.0,0.0,0
4226180259,-0.03,-0.7,0.91,0.01,0.08,0
4226256701,-0.72,0.09,0.0,0.93,0.06,1
4226335147,-0.7,0.27,0.0,0.95,0.04,1
4226462335,-0.89,-0.88,0.11,0.11,0.78,2
4226561711,-0.77,-0.87,0.25,0.07,0.68,0
4226791036,0.08,0.26,0.12,0.41,0.47,2
4226795445,1.85,1.77,0.35,0.19,0.47,1
4226859051,1.1,-0.25,0.99,0.0,0.01,0
4226920149,1.36,-0.79,1.0,0.0,0.0,0
4226971091,1.4,-0.06,0.99,0.0,0.01,0
4227027374,-0.11,0.26,0.04,0.7,0.26,1
4227115802,0.69,1.17,0.04,0.78,0.18,1
4227221919,1.18,-0.69,1.0,0.0,0.0,0
4227253840,-0.7,-0.75,0.17,0.09,0.74,2
4227300365,-0.84,0.43,0.0,0.98,0.02,1
4227312268,2.39,-1.27,1.0,0.0,0.0,0
4227370967,1.52,-0.52,1.0,0.0,0.0,0
4227388144,1.98,1.98,0.27,0.24,0.49,0
4227422444,-0.04,-0.23,0.49,0.09,0.43,2
4227477791,-0.61,-0.48,0.07,0.32,0.61,1
4227490224,0.54,0.7,0.16,0.38,0.46,1
4227491806,-0.91,-1.5,0.87,0.01,0.12,0
4227573282,-0.56,0.24,0.01,0.93,0.07,1
4227608081,-0.79,-0.81,0.14,0.09,0.77,2
4227673279,-0.22,2.3,0.0,1.0,0.0,1
4227706654,2.66,-0.08,1.0,0.0,0.0,0
4227725606,-1.69,-1.74,0.17,0.07,0.76,2
4228007665,-0.63,-0.7,0.2,0.08,0.71,2
4228017915,-0.79,-0.8,0.13,0.1,0.77,2
4228053482,1.64,-0.04,0.99,0.0,0.0,0
4228081378,-0.32,1.27,0.0,0.99,0.01,1
4228111213,-1.41,-1.24,0.05,0.3,0.65,0
4228138689,-0.52,-0.81,0.6,0.04,0.36,2
4228256019,0.89,-1.46,1.0,0.0,0.0,0
4228318696,-0.38,-0.89,0.83,0.02,0.15,0
4228353914,-0.93,-0.6,0.02,0.67,0.31,1
4228357419,-0.61,0.23,0.01,0.93,0.06,1
4228478004,2.55,1.11,0.98,0.0,0.02,0
4228514324,-0.02,-1.06,0.98,0.0,0.02,0
4228604298,1.62,-0.24,1.0,0.0,0.0,0
4228672218,-0.43,0.42,0.01,0.93,0.06,1
4228693234,0.36,2.72,0.0,1.0,0.0,1
4228695445,-0.84,-0.87,0.15,0.09,0.76,2
4228846139,-1.2,-1.12,0.07,0.18,0.74,1
4228864129,-0.71,-0.73,0.14,0.1,0.77,0
4228881315,-1.05,-0.63,0.01,0.76,0.23,1
4228958963,-1.39,-0.43,0.0,0.96,0.04,1
4228984049,0.11,0.77,0.02,0.87,0.11,1
4228989625,0.09,-0.12,0.53,0.08,0.39,0
4228994472,-0.8,-0.7,0.07,0.25,0.68,2
4229021901,-0.65,0.28,0.0,0.95,0.05,1
4229024373,-0.86,-0.84,0.1,0.13,0.77,2
4229026270,2.47,-1.0,1.0,0.0,0.0,0
4229029324,1.37,0.06,0.98,0.0,0.02,0
4229267872,-1.02,1.03,0.0,1.0,0.0,1
4229308244,-0.75,0.46,0.0,0.98,0.02,1
4229384919,-0.77,-0.79,0.14,0.09,0.77,2
4229393037,1.11,2.62,0.0,0.98,0.01,1
4229455167,1.32,0.9,0.68,0.06,0.25,0
4229518975,-0.78,-0.81,0.15,0.09,0.76,2
4229565591,-0.85,-0.88,0.15,0.09,0.76,2
4229729456,0.35,-0.58,0.96,0.01,0.04,0
4229760992,0.36,-1.02,0.99,0.0,0.01,0
4229891109,0.71,-0.75,0.99,0.0,0.0,0
4229911856,0.77,0.26,0.77,0.05,0.18,0
4229941807,0.61,-0.73,0.99,0.0,0.01,0
4230005877,0.15,2.42,0.0,1.0,0.0,1
4230038459,-0.82,-0.79,0.1,0.14,0.76,2
4230051950,-0.78,-0.8,0.14,0.09,0.77,2
4230143796,1.0,1.01,0.26,0.22,0.52,0
4230209886,-0.77,-0.76,0.11,0.12,0.77,2
4230246994,-0.88,-0.89,0.13,0.1,0.78,2
4230389296,-0.9,-0.9,0.12,0.1,0.78,2
4230393646,-0.51,-0.51,0.13,0.13,0.73,2
4230414336,-0.89,-0.9,0.13,0.1,0.78,2
4230441485,-1.41,1.14,0.0,1.0,0.0,1
4230597810,0.2,0.29,0.19,0.28,0.54,0
4230621637,1.21,0.4,0.89,0.02,0.09,0
4230632701,-0.85,-0.85,0.12,0.11,0.78,2
4230647450,1.27,-0.33,0.99,0.0,0.0,0
4230691533,-0.78,-0.7,0.08,0.22,0.71,1
4230725414,-0.46,-1.76,0.99,0.0,0.01,0
4230727371,-0.25,-0.96,0.92,0.01,0.07,0
4230739518,-0.78,-0.8,0.14,0.09,0.77,2
4230845744,3.17,-1.98,1.0,0.0,0.0,0
4230892453,0.48,-0.5,0.96,0.01,0.03,0
4230898138,-0.87,-0.77,0.07,0.24,0.69,1
4231074056,-0.68,-0.74,0.19,0.08,0.73,2
4231121122,0.32,-0.06,0.7,0.06,0.24,0
4231143363,0.46,2.88,0.0,1.0,0.0,1
4231263115,-0.45,-0.48,0.17,0.11,0.72,2
4231384754,-0.77,-0.74,0.1,0.14,0.76,0
4231390516,-0.41,0.61,0.0,0.95,0.04,1
4231390741,-1.55,-0.07,0.0,0.99,0.01,1
4231468933,-1.62,-1.69,0.2,0.06,0.74,2
4231503949,-0.5,-0.58,0.23,0.09,0.68,2
4231575331,-0.45,-0.51,0.21,0.1,0.69,2
4231628683,0.08,-1.0,0.98,0.0,0.01,0
4231644896,0.74,-0.73,0.99,0.0,0.0,0
4231741198,0.16,-1.46,1.0,0.0,0.0,0
4231776347,-0.86,-0.5,0.02,0.71,0.27,2
4231835971,-1.03,0.86,0.0,1.0,0.0,1
4231882408,-0.25,0.03,0.06,0.57,0.37,2
4231995963,-0.9,-0.78,0.06,0.27,0.66,2
4232134892,0.11,-0.93,0.98,0.0,0.02,0
4232164637,0.29,0.62,0.07,0.64,0.29,2
4232184126,-0.47,2.59,0.0,1.0,0.0,1
4232255270,-0.81,-0.82,0.13,0.1,0.77,2
4232302965,-1.43,0.66,0.0,1.0,0.0,1
4232369605,1.08,-0.36,0.99,0.0,0.01,0
4232369931,-1.34,-1.37,0.14,0.08,0.78,2
4232370083,-0.77,-0.73,0.09,0.16,0.75,1
4232378807,-0.91,-0.95,0.16,0.08,0.76,2
4232402348,-1.5,-1.36,0.06,0.24,0.7,1
4232425627,0.41,0.32,0.37,0.15,0.48,0
4232543179,0.83,-1.01,1.0,0.0,0.0,0
4232732728,-1.12,-1.13,0.12,0.09,0.78,1
4232786108,0.68,-0.74,0.99,0.0,0.01,0
4232791784,-0.77,-0.8,0.15,0.09,0.76,2
4232797987,-0.27,-0.77,0.82,0.02,0.15,0
4232938051,-0.74,1.78,0.0,1.0,0.0,1
4233296717,-0.76,-0.81,0.17,0.08,0.74,0
4233308113,1.14,0.72,0.69,0.06,0.25,0
4233383829,0.43,1.12,0.02,0.88,0.1,1
4233458392,-0.78,-0.75,0.1,0.14,0.76,2
4233537623,-0.54,-1.2,0.9,0.01,0.09,0
4233581413,-0.85,-0.87,0.14,0.09,0.77,2
4233633398,0.4,-0.33,0.9,0.02,0.08,0
4233715289,-0.77,-0.74,0.1,0.14,0.76,2
4233716294,1.3,0.22,0.96,0.01,0.04,0
4233722455,-0.84,-0.88,0.16,0.08,0.75,2
4233774292,-0.39,-0.01,0.03,0.72,0.25,2
4233902611,-0.47,-1.81,0.99,0.0,0.0,0
4234042907,1.04,-0.0,0.95,0.01,0.04,0
4234091756,-0.14,-0.16,0.21,0.15,0.64,2
4234169862,0.17,-0.95,0.98,0.0,0.01,0
4234203318,1.64,-0.54,1.0,0.0,0.0,0
4234264844,0.08,0.69,0.02,0.85,0.12,2
4234452082,-0.7,-0.72,0.14,0.1,0.77,2
4234476464,-0.26,-0.36,0.29,0.1,0.61,0
4234523403,-0.84,-0.84,0.12,0.11,0.78,2
4234651840,0.85,1.59,0.02,0.89,0.09,1
4234701091,3.03,0.92,1.0,0.0,0.0,0
4234712904,-1.12,-1.16,0.16,0.08,0.76,2
4234765453,-0.56,0.88,0.0,0.98,0.01,1
4234795762,0.34,2.17,0.0,0.99,0.01,1
4234829909,-0.18,-0.18,0.18,0.16,0.65,1
4234950574,1.17,1.75,0.03,0.84,0.13,1
4235164855,0.44,1.01,0.03,0.83,0.14,1
4235217465,0.85,0.8,0.31,0.18,0.51,2
4235255992,-0.2,-0.19,0.17,0.17,0.66,0
4235276634,-0.44,0.07,0.02,0.84,0.15,1
4235349088,-0.55,-0.49,0.1,0.2,0.7,2
4235485065,-1.7,2.44,0.0,1.0,0.0,1
4235648171,-0.8,-0.82,0.14,0.09,0.77,2
4235738750,-0.84,-0.88,0.16,0.08,0.75,2
4235860183,-1.62,-1.61,0.11,0.1,0.79,1
4235879501,-0.62,0.13,0.01,0.92,0.07,1
4236051016,-0.36,-0.36,0.15,0.15,0.7,2
4236078838,1.41,0.27,0.96,0.01,0.03,1
4236095246,0.53,0.4,0.42,0.14,0.44,0
4236273125,1.98,0.15,1.0,0.0,0.0,0
4236294114,-0.1,0.37,0.03,0.79,0.18,1
4236306493,-0.67,-0.68,0.13,0.11,0.77,2
4236381781,-0.78,-0.79,0.13,0.1,0.77,2
4236412174,-0.36,-0.32,0.12,0.2,0.68,2
4236414699,-0.89,-0.89,0.12,0.1,0.78,2
4236514722,-1.23,1.56,0.0,1.0,0.0,1
4236571663,-1.02,-0.92,0.07,0.23,0.71,2
4236629607,0.47,-1.15,1.0,0.0,0.0,0
4236728758,2.27,-0.56,1.0,0.0,0.0,0
4236828450,2.08,-0.71,1.0,0.0,0.0,0
4237064537,1.76,-0.68,1.0,0.0,0.0,0
4237182354,-0.77,-0.77,0.12,0.11,0.77,2
4237294362,-1.27,1.02,0.0,1.0,0.0,1
4237302973,0.31,0.43,0.18,0.33,0.5,2
4237394671,-1.23,2.12,0.0,1.0,0.0,1
4237448181,-1.49,-1.51,0.13,0.08,0.79,2
4237549667,-0.1,0.35,0.03,0.78,0.19,1
4237575976,-0.52,-0.46,0.1,0.21,0.69,0
4237692704,-0.61,-0.08,0.01,0.85,0.14,1
4237758938,-0.22,-0.21,0.17,0.17,0.66,2
4237890612,-1.23,1.42,0.0,1.0,0.0,1
4238139643,0.01,-0.37,0.74,0.04,0.22,0
4238232738,0.44,-0.53,0.96,0.01,0.03,0
4238239499,1.93,-1.1,1.0,0.0,0.0,0
4238256918,-0.57,0.27,0.01,0.93,0.06,1
4238456955,0.07,2.42,0.0,1.0,0.0,1
4238511728,-0.82,-0.77,0.09,0.17,0.75,2
4238618740,2.41,-0.66,1.0,0.0,0.0,0
4238625973,1.96,0.9,0.94,0.01,0.05,0
4238639849,-0.89,-0.9,0.13,0.1,0.78,2
4238728244,-0.9,-0.99,0.23,0.07,0.7,1
4238735928,-0.74,2.39,0.0,1.0,0.0,1
4238879331,-1.37,-1.4,0.14,0.08,0.78,2
4238884365,-0.77,-0.63,0.06,0.33,0.61,2
4238905317,1.69,1.07,0.8,0.04,0.16,0
4238996187,-0.84,-0.87,0.15,0.09,0.76,2
4239091133,-0.78,1.92,0.0,1.0,0.0,1
4239175528,1.66,-0.74,1.0,0.0,0.0,0
4239286406,-0.62,-0.73,0.27,0.08,0.66,2
4239396447,-0.79,-0.77,0.1,0.13,0.77,2
4239696605,0.04,2.34,0.0,1.0,0.0,1
4239785503,0.49,-0.33,0.92,0.01,0.06,0
4239786468,-1.09,-1.16,0.2,0.07,0.73,2
4239797148,-0.88,-0.85,0.1,0.14,0.77,2
4239825910,0.79,2.25,0.0,0.98,0.02,1
4239870328,1.06,-0.7,1.0,0.0,0.0,0
4239881018,1.58,-0.25,1.0,0.0,0.0,0
4239926309,0.02,0.02,0.24,0.17,0.59,0
4240073128,1.51,-0.49,1.0,0.0,0.0,0
4240139486,1.7,1.73,0.25,0.25,0.5,1
4240162389,-1.27,2.61,0.0,1.0,0.0,1
4240290277,1.12,2.72,0.0,0.99,0.01,1
4240526944,-0.72,-0.73,0.13,0.1,0.77,2
4240586774,-0.8,-0.82,0.14,0.09,0.77,2
4240644936,1.41,0.33,0.95,0.01,0.04,0
4240757348,-0.82,-0.82,0.12,0.11,0.78,2
4240761128,-0.99,-1.03,0.16,0.08,0.76,2
4240768613,0.27,1.11,0.01,0.91,0.07,1
4240788527,-0.54,-0.37,0.06,0.4,0.54,0
4240801841,-0.26,-0.48,0.5,0.07,0.43,2
4240824080,1.05,1.26,0.13,0.47,0.41,2
4240832884,1.05,1.55,0.04,0.8,0.17,2
4240992154,-0.93,0.66,0.0,0.99,0.01,1
4241066553,-1.0,1.88,0.0,1.0,0.0,2
4241077718,1.25,1.24,0.28,0.21,0.51,1
4241218476,-0.63,-0.72,0.23,0.08,0.69,2
4241233464,0.98,-1.24,1.0,0.0,0.0,0
4241290715,2.67,2.67,0.27,0.25,0.47,0
4241325093,1.35,-0.81,1.0,0.0,0.0,0
4241355217,-0.01,0.61,0.02,0.86,0.12,1
4241435251,-0.79,-0.84,0.17,0.08,0.74,2
4241437587,-0.72,-0.82,0.25,0.07,0.68,0
4241475102,-0.66,-0.96,0.61,0.04,0.35,0
4241508462,-0.63,-0.61,0.11,0.14,0.75,2
4241535373,1.17,2.78,0.0,0.99,0.01,1
4241539495,0.11,-1.1,0.99,0.0,0.01,0
4241549408,0.12,2.22,0.0,1.0,0.0,1
4241576673,0.04,-0.51,0.85,0.02,0.13,0
4241624870,-1.32,0.17,0.0,0.99,0.01,1
4241628733,-0.2,-0.29,0.29,0.11,0.6,2
4241735652,0.07,-0.22,0.64,0.06,0.29,1
4241740209,1.28,2.16,0.01,0.93,0.06,1
4241859190,0.64,-1.35,1.0,0.0,0.0,0
4241948896,-0.79,-0.79,0.12,0.11,0.77,2
4241954583,-0.0,-0.2,0.51,0.08,0.4,0
4241970758,-1.07,-0.64,0.01,0.76,0.22,1
4242010621,-0.72,-0.71,0.11,0.12,0.77,2
4242193184,0.3,-1.08,0.99,0.0,0.0,0
4242444282,1.71,-1.34,1.0,0.0,0.0,0
4242574699,-0.32,-0.24,0.11,0.26,0.63,2
4242665893,1.1,0.24,0.91,0.02,0.07,0
4242799175,0.86,0.48,0.67,0.07,0.26,0
4242807664,0.35,2.03,0.0,0.99,0.01,1
4242852890,-0.78,-0.82,0.16,0.09,0.75,0
4242990067,-0.63,-0.53,0.08,0.26,0.66,1
4243121188,-0.79,-0.82,0.15,0.09,0.76,0
4243204289,-0.56,2.11,0.0,1.0,0.0,1
4243287349,-0.55,1.98,0.0,1.0,0.0,1
4243326482,-0.11,-0.69,0.87,0.02,0.11,0
4243465992,0.02,-1.67,1.0,0.0,0.0,0
4243481980,1.76,-0.52,1.0,0.0,0.0,0
4243491505,1.55,-1.0,1.0,0.0,0.0,0
4243571764,-0.18,-0.18,0.18,0.16,0.65,1
4243595775,-0.8,-0.6,0.04,0.46,0.5,2
4243624067,0.68,-1.1,1.0,0.0,0.0,0
4243652941,-0.62,-0.66,0.16,0.09,0.75,2
4243714918,0.74,-0.93,1.0,0.0,0.0,0
4243756166,-1.46,0.22,0.0,0.99,0.01,1
4243756531,-0.71,0.31,0.0,0.96,0.04,1
4243770332,-0.95,-0.96,0.13,0.1,0.78,2
4243823481,-0.51,1.3,0.0,0.99,0.01,1
4243849908,1.27,-0.77,1.0,0.0,0.0,0
4243879017,-0.41,1.94,0.0,1.0,0.0,1
4243946394,2.09,-0.7,1.0,0.0,0.0,0
4243979266,-0.5,-1.07,0.86,0.02,0.12,0
4244054400,-0.18,-1.63,1.0,0.0,0.0,0
4244070647,1.41,1.64,0.12,0.5,0.38,1
4244095332,1.05,-0.56,1.0,0.0,0.0,0
4244101139,0.68,-1.51,1.0,0.0,0.0,0
4244151675,-0.86,-0.8,0.08,0.18,0.74,1
4244250227,-1.62,0.37,0.0,1.0,0.0,1
4244284786,-0.97,0.48,0.0,0.99,0.01,1
4244417844,-0.89,0.12,0.0,0.96,0.04,1
4244431598,-1.81,-1.69,0.07,0.18,0.75,2
4244474169,-1.73,2.28,0.0,1.0,0.0,1
4244624277,2.83,-0.39,1.0,0.0,0.0,0
4244955800,0.82,0.88,0.22,0.26,0.52,1
4244975385,-0.07,0.84,0.01,0.93,0.06,1
4245042959,-0.42,-0.88,0.79,0.02,0.18,1
4245370350,2.16,-0.09,1.0,0.0,0.0,0
4245482056,-0.24,-0.28,0.21,0.13,0.66,2
4245482950,-0.86,-0.87,0.13,0.1,0.78,0
4245546857,0.24,-1.21,1.0,0.0,0.0,0
4245576702,-1.41,-1.31,0.07,0.2,0.73,2
4245742064,0.4,-0.25,0.87,0.02,0.11,0
4245850351,-0.87,-0.82,0.09,0.16,0.75,0
4245852874,0.79,-1.0,1.0,0.0,0.0,0
4245922310,2.17,0.44,0.99,0.0,0.01,0
4246029635,-1.18,1.76,0.0,1.0,0.0,2
4246075787,-0.56,-0.41,0.07,0.36,0.57,1
4246104267,-0.63,-0.58,0.1,0.18,0.72,2
4246145958,-0.28,-0.37,0.27,0.11,0.62,2
4246199688,-0.05,-0.1,0.27,0.14,0.59,0
4246239046,-0.73,-0.71,0.1,0.13,0.76,2
4246304840,-0.6,-0.64,0.16,0.1,0.74,2
4246483945,-0.76,0.34,0.0,0.97,0.03,1
4246753507,-1.12,-1.11,0.11,0.11,0.79,2
4246770411,-1.72,0.07,0.0,1.0,0.0,1
4246836600,0.81,0.18,0.83,0.04,0.13,0
4246854744,0.35,-0.08,0.74,0.05,0.21,0
4246910794,-0.74,-0.71,0.1,0.15,0.76,2
4246960264,1.37,0.97,0.67,0.07,0.26,0
4247015726,0.97,0.97,0.27,0.21,0.52,0
4247020731,-0.36,-0.46,0.28,0.1,0.63,2
4247060309,-0.73,-0.75,0.14,0.1,0.77,2
4247092076,0.55,0.5,0.32,0.17,0.5,0
4247098446,1.26,1.1,0.43,0.14,0.44,0
4247112438,-0.54,-1.0,0.79,0.02,0.19,0
4247165262,1.59,1.41,0.44,0.14,0.42,1
4247203258,-0.72,-0.73,0.13,0.1,0.77,2
4247235353,1.43,-0.36,1.0,0.0,0.0,0
4247287548,1.84,1.84,0.27,0.23,0.5,2
4247790577,-1.2,2.7,0.0,1.0,0.0,1
4247811575,-1.53,-0.11,0.0,0.99,0.01,1
4247868851,-0.14,-0.14,0.19,0.17,0.64,2
4247996950,-0.64,-0.62,0.11,0.14,0.75,2
4248128259,-0.98,-1.33,0.67,0.03,0.3,2
4248248688,-0.8,-0.73,0.08,0.2,0.72,1
4248269209,0.28,0.35,0.21,0.26,0.54,1
4248288950,-0.29,1.88,0.0,1.0,0.0,1
4248420073,-0.85,-0.84,0.11,0.12,0.78,2
4248422661,-1.01,-0.01,0.0,0.96,0.03,1
4248667785,-0.77,-0.8,0.15,0.09,0.76,2
4248918673,0.64,-0.46,0.97,0.0,0.02,0
4248979414,0.4,-0.32,0.9,0.02,0.09,0
4249060047,0.66,-0.59,0.99,0.0,0.01,0
4249061273,1.18,0.66,0.76,0.05,0.19,0
4249085989,2.3,-0.16,1.0,0.0,0.0,0
4249231691,-0.01,1.77,0.0,0.99,0.01,1
4249381288,-0.84,-0.84,0.12,0.11,0.78,2
4249591092,-0.82,-0.82,0.12,0.11,0.78,2
4249759461,0.4,2.48,0.0,0.99,0.0,1
4249779990,-1.54,1.18,0.0,1.0,0.0,1
4249815004,1.48,-1.34,1.0,0.0,0.0,0
4249865171,-0.78,-1.0,0.48,0.05,0.47,2
4249877240,-0.92,-0.85,0.08,0.19,0.73,2
4250152966,-0.62,1.3,0.0,1.0,0.0,1
4250251028,-0.7,-0.95,0.54,0.04,0.42,0
4250303195,-1.08,-1.08,0.11,0.1,0.78,2
4250342551,-0.8,-0.82,0.14,0.09,0.77,1
4250431344,2.59,0.54,1.0,0.0,0.0,0
4250439150,-1.09,0.71,0.0,1.0,0.0,1
4250515153,-1.41,-1.27,0.06,0.26,0.69,2
4250671172,2.27,-1.2,1.0,0.0,0.0,0
4250710791,-0.01,-1.2,0.99,0.0,0.01,0
4250789938,0.76,0.91,0.16,0.37,0.46,2
4250851020,-0.55,-0.6,0.18,0.1,0.72,1
4250929531,0.02,-0.46,0.81,0.03,0.16,0
4250938512,-0.85,-0.86,0.13,0.1,0.78,0
4250986046,1.11,1.83,0.02,0.89,0.09,2
4251027822,0.17,0.18,0.24,0.18,0.57,0
4251266470,0.31,0.2,0.39,0.13,0.48,2
4251416142,-0.84,-0.74,0.07,0.24,0.69,1
4251419663,2.48,2.22,0.51,0.12,0.37,1
4251429279,2.17,-0.47,1.0,0.0,0.0,0
4251452860,2.3,-0.51,1.0,0.0,0.0,0
4251496736,-0.13,-1.24,0.99,0.0,0.01,0
4251559276,0.11,0.54,0.04,0.75,0.2,1
4251559333,-1.2,1.91,0.0,1.0,0.0,1
4251575107,-0.84,-0.84,0.12,0.11,0.78,2
4251612311,-0.39,-0.92,0.84,0.02,0.14,0
4251655740,0.26,1.95,0.0,0.99,0.01,1
4251917489,0.23,0.4,0.14,0.4,0.46,2
4251997215,-0.96,-1.01,0.17,0.08,0.75,0
4252105159,-0.92,-0.84,0.08,0.2,0.72,1
4252148758,2.73,-1.63,1.0,0.0,0.0,0
4252161142,-0.75,-1.28,0.84,0.02,0.15,0
4252192977,-0.99,-1.0,0.13,0.1,0.78,2
4252236885,0.77,-0.45,0.98,0.0,0.01,0
4252239775,-0.77,-0.72,0.09,0.17,0.74,2
4252278635,1.14,-0.77,1.0,0.0,0.0,0
4252493496,2.17,1.98,0.45,0.14,0.41,0
4252534482,-0.8,0.16,0.0,0.96,0.04,1
4252611580,0.75,1.26,0.04,0.8,0.17,1
4252613030,1.21,-1.61,1.0,0.0,0.0,0
4252675149,-0.33,0.77,0.0,0.96,0.03,1
4252780540,-0.54,1.7,0.0,1.0,0.0,1
4252787969,-0.26,0.96,0.0,0.97,0.03,1
4252880806,1.73,-1.04,1.0,0.0,0.0,0
4252890088,-0.87,-0.77,0.07,0.24,0.69,1
4252945271,-0.79,-0.39,0.02,0.76,0.22,1
4252983166,0.97,-1.07,1.0,0.0,0.0,0
4253030125,0.1,0.43,0.06,0.64,0.29,2
4253056609,-1.28,1.31,0.0,1.0,0.0,1
4253105766,-0.56,-0.11,0.02,0.8,0.18,2
4253133475,-0.38,2.36,0.0,1.0,0.0,1
4253175751,-0.78,-0.8,0.14,0.09,0.77,2
4253458875,-1.05,-1.03,0.1,0.12,0.78,2
4253543341,-0.52,1.36,0.0,0.99,0.01,1
4253684062,-1.35,-1.44,0.23,0.06,0.71,0
4253743033,-1.65,-1.55,0.07,0.17,0.76,2
4253855217,0.81,1.8,0.01,0.95,0.04,1
4253868786,1.9,-1.52,1.0,0.0,0.0,0
4253954230,-1.07,1.91,0.0,1.0,0.0,1
4253980276,0.13,0.26,0.16,0.33,0.51,1
4254014246,0.84,-0.77,1.0,0.0,0.0,0
4254030033,-0.0,0.81,0.01,0.91,0.08,1
4254044254,0.66,1.14,0.04,0.78,0.18,1
4254163601,-0.85,-0.84,0.11,0.12,0.78,2
4254193206,1.16,0.54,0.81,0.04,0.15,0
4254291157,-0.77,0.96,0.0,0.99,0.01,1
4254556595,-0.79,-0.79,0.12,0.11,0.77,2
4254601014,-1.5,-1.8,0.59,0.03,0.38,0
4254627312,-0.29,-0.44,0.37,0.09,0.55,2
4254718393,0.18,-0.23,0.75,0.04,0.21,0
4254719559,-0.84,-0.69,0.05,0.34,0.6,2
4254762145,0.64,-1.25,1.0,0.0,0.0,0
4254995417,2.11,0.64,0.98,0.0,0.01,0
4254997382,1.98,0.23,0.99,0.0,0.0,0
4255112092,-0.4,1.16,0.0,0.99,0.01,1
4255202752,-0.76,-0.8,0.16,0.09,0.75,2
4255281904,-0.51,0.89,0.0,0.98,0.02,1
4255396969,-0.82,-0.87,0.17,0.08,0.74,2
4255439310,0.66,-0.08,0.89,0.02,0.09,0
4255470922,2.88,1.05,0.99,0.0,0.01,0
4255946083,-1.78,-1.78,0.12,0.09,0.79,2
4255994314,-0.02,1.79,0.0,0.99,0.01,1
4256111360,1.98,-0.11,1.0,0.0,0.0,0
4256116847,0.88,0.63,0.55,0.1,0.36,0
4256163050,-0.84,-0.9,0.19,0.08,0.73,2
4256179369,-0.71,1.18,0.0,1.0,0.0,1
4256233163,0.95,1.07,0.18,0.34,0.48,2
4256267847,1.74,1.74,0.27,0.23,0.5,2
4256363151,-1.25,0.11,0.0,0.99,0.01,1
4256363743,0.82,0.82,0.27,0.21,0.53,2
4256422362,-0.74,-0.73,0.11,0.12,0.77,2
4256557356,1.55,-0.36,1.0,0.0,0.0,0
4256622843,0.42,-0.68,0.98,0.0,0.02,0
4256675407,0.42,0.11,0.62,0.07,0.3,0
4256678143,-0.53,-0.54,0.14,0.12,0.74,2
4256757373,-0.38,-0.08,0.04,0.61,0.35,1
4257247464,-0.33,0.13,0.02,0.8,0.18,1
4257385400,-0.47,0.12,0.01,0.87,0.12,1
4257394453,-0.4,-0.08,0.04,0.64,0.32,1
4257507218,0.36,-0.48,0.94,0.01,0.05,0
4257588577,0.81,0.52,0.59,0.09,0.32,0
4257682815,-1.41,1.5,0.0,1.0,0.0,1
4257730913,-1.33,-1.25,0.07,0.18,0.75,2
4257761980,0.78,-0.48,0.99,0.0,0.01,0
4257769834,0.33,0.9,0.03,0.83,0.14,1
4257864795,0.5,2.3,0.0,0.99,0.01,1
4257913568,-0.94,-0.84,0.07,0.23,0.7,1
4258041419,0.06,-1.31,1.0,0.0,0.0,0
4258041814,-0.57,-0.56,0.12,0.13,0.74,2
4258096767,1.18,1.08,0.36,0.16,0.48,2
4258115708,0.69,0.52,0.46,0.12,0.42,2
4258161701,3.05,-0.45,1.0,0.0,0.0,0
4258369845,1.39,-1.02,1.0,0.0,0.0,0
4258399976,0.32,0.87,0.03,0.82,0.15,1
4258428039,-0.74,-0.72,0.1,0.13,0.76,2
4258496722,-0.79,-0.72,0.08,0.2,0.72,1
4258514130,1.05,-0.95,1.0,0.0,0.0,0
4258667494,1.98,1.98,0.27,0.24,0.49,0
4258703887,-1.16,-1.07,0.07,0.2,0.73,1
4258765705,0.88,1.8,0.01,0.94,0.05,1
4258843037,-0.64,-0.48,0.06,0.38,0.56,2
4258859881,-0.75,-0.71,0.09,0.16,0.75,2
4258925590,-0.25,-1.58,0.99,0.0,0.0,0
4258988790,-0.49,-0.56,0.21,0.1,0.69,0
4259207233,0.18,0.26,0.19,0.26,0.55,2
4259226169,-0.06,-0.46,0.74,0.04,0.22,0
4259402419,-0.19,-1.02,0.95,0.01,0.04,0
4259422240,-0.9,2.0,0.0,1.0,0.0,1
4259445178,0.99,1.21,0.12,0.48,0.4,1
4259559419,1.12,-1.12,1.0,0.0,0.0,0
4259795979,-0.25,2.22,0.0,1.0,0.0,1
4259979711,-0.82,-0.84,0.14,0.09,0.77,2
4260076805,1.16,1.16,0.27,0.22,0.52,2
4260108353,2.14,1.05,0.94,0.01,0.05,2
4260299428,0.2,-1.59,1.0,0.0,0.0,0
4260318706,0.95,0.15,0.9,0.02,0.08,0
4260360143,-0.75,-0.75,0.12,0.11,0.77,2
4260393721,-0.8,-0.67,0.06,0.3,0.63,1
4260473622,-0.71,-1.07,0.69,0.03,0.28,0
4260589581,-0.16,-0.81,0.9,0.01,0.09,0
4260657781,1.03,1.35,0.08,0.62,0.3,2
4260686685,-0.98,0.72,0.0,0.99,0.01,1
4260806564,-0.84,0.47,0.0,0.98,0.02,1
4260808044,0.57,0.23,0.64,0.07,0.28,0
4260822012,-0.77,-0.81,0.16,0.09,0.75,1
4260952099,0.03,-0.2,0.57,0.07,0.36,2
4261028517,-0.89,-0.82,0.08,0.19,0.73,1
4261043741,-0.75,-0.39,0.02,0.72,0.26,1
4261045573,-0.37,-1.59,0.99,0.0,0.01,0
4261147158,-0.99,-0.02,0.0,0.96,0.04,1
4261216431,-0.75,-0.7,0.09,0.17,0.74,1
4261237457,0.17,-1.43,1.0,0.0,0.0,0
4261273385,-0.8,-0.82,0.14,0.09,0.77,2
4261292892,-0.93,-1.45,0.83,0.01,0.16,0
4261316605,-0.37,-0.82,0.78,0.03,0.19,0
4261336515,-0.54,-0.81,0.57,0.05,0.38,0
4261380281,-0.67,-0.69,0.14,0.1,0.76,2
4261420325,-1.74,-1.71,0.1,0.11,0.79,1
4261471939,-1.44,0.54,0.0,1.0,0.0,1
4261478515,0.87,-1.3,1.0,0.0,0.0,0
4261497204,1.23,-0.14,0.99,0.0,0.01,0
4261561116,0.57,-0.23,0.91,0.02,0.07,0
4261741941,2.67,2.05,0.79,0.04,0.17,0
4261742467,1.25,-1.43,1.0,0.0,0.0,0
4261965388,2.75,1.91,0.88,0.02,0.1,0
4262068665,-0.81,-0.96,0.34,0.06,0.6,0
4262121285,3.05,-0.29,1.0,0.0,0.0,0
4262136455,-0.55,-0.55,0.13,0.13,0.74,2
4262210152,-0.19,-0.08,0.12,0.3,0.58,2
4262557415,0.25,1.0,0.02,0.89,0.09,2
4262605526,0.63,0.34,0.6,0.09,0.31,2
4262744023,2.67,-0.15,1.0,0.0,0.0,0
4262849744,0.65,-0.1,0.9,0.02,0.08,0
4262858440,-0.45,-0.5,0.19,0.11,0.7,2
4262860715,-1.18,-1.26,0.21,0.07,0.72,2
4262871745,-1.05,-1.14,0.23,0.07,0.7,0
4262902523,0.88,-0.46,0.99,0.0,0.01,0
4262921954,2.34,0.36,1.0,0.0,0.0,0
4263165266,-0.7,-0.7,0.12,0.11,0.77,2
4263172738,1.73,0.21,0.99,0.0,0.01,0
4263175476,-0.42,-0.46,0.18,0.11,0.7,0
4263215147,1.55,2.33,0.01,0.91,0.07,1
4263476909,-0.17,-0.16,0.18,0.17,0.65,2
4263561225,0.71,-0.29,0.96,0.01,0.04,0
4263591872,-0.98,2.59,0.0,1.0,0.0,1
4263610366,0.8,2.05,0.0,0.97,0.03,0
4263618688,1.35,0.03,0.98,0.0,0.02,0
4263631006,-0.82,1.2,0.0,1.0,0.0,1
4263637750,2.72,0.43,1.0,0.0,0.0,0
4263647233,-0.82,-0.82,0.12,0.11,0.78,2
4263648122,0.47,-1.18,1.0,0.0,0.0,2
4263676223,-0.7,-0.71,0.13,0.1,0.77,2
4263714852,-1.59,1.45,0.0,1.0,0.0,1
4263727916,-0.81,-0.86,0.17,0.08,0.74,2
4263738907,0.86,-0.82,1.0,0.0,0.0,0
4263811653,0.47,0.47,0.27,0.2,0.52,2
4263936275,1.92,0.52,0.98,0.0,0.02,0
4263965264,-0.46,1.34,0.0,0.99,0.01,1
4263966547,0.17,0.77,0.03,0.85,0.13,1
4264143483,-0.44,-1.58,0.99,0.0,0.01,0
4264235586,0.82,-1.31,1.0,0.0,0.0,0
4264293918,-0.85,-0.84,0.11,0.12,0.78,2
4264392483,-0.16,1.02,0.0,0.96,0.03,1
4264624971,0.52,-0.3,0.92,0.01,0.06,0
4264651374,-0.32,-0.36,0.2,0.12,0.68,2
4264659096,1.48,0.88,0.79,0.04,0.17,0
4264681933,2.5,0.11,1.0,0.0,0.0,0
4265154113,-0.85,-0.84,0.11,0.12,0.78,2
4265282380,-0.58,-0.58,0.13,0.12,0.75,2
4265285152,-0.75,-0.71,0.09,0.16,0.75,2
4265299832,0.82,0.37,0.72,0.06,0.22,0
4265449646,0.28,0.4,0.17,0.32,0.5,2
4265569404,-0.43,0.76,0.0,0.97,0.03,1
4265613587,-0.57,0.45,0.0,0.96,0.04,1
4265681306,1.15,1.58,0.05,0.75,0.2,2
4265755159,-0.17,-0.37,0.48,0.08,0.44,0
4265825667,1.44,0.81,0.81,0.04,0.16,0
4265864989,-0.84,-0.75,0.07,0.23,0.7,2
4266017182,-0.82,-0.84,0.14,0.09,0.77,2
4266065748,0.3,2.42,0.0,1.0,0.0,1
4266189146,-1.4,-1.4,0.11,0.09,0.79,2
4266227053,-0.47,2.09,0.0,1.0,0.0,1
4266236042,2.44,-0.88,1.0,0.0,0.0,0
4266241917,-1.71,0.31,0.0,1.0,0.0,1
4266376055,-0.59,-1.2,0.88,0.01,0.11,0
4266423169,-0.62,-0.47,0.06,0.36,0.58,1
4266722122,-0.67,-0.46,0.05,0.48,0.47,1
4266936872,-0.79,-0.8,0.13,0.1,0.77,2
4267006161,-0.82,-0.88,0.19,0.08,0.73,2
4267024127,-0.58,-0.95,0.7,0.03,0.27,0
4267061034,-1.5,-0.92,0.01,0.87,0.13,1
4267097719,-0.71,-0.64,0.08,0.2,0.71,2
4267196458,1.48,0.86,0.8,0.04,0.16,0
4267199301,-0.56,-0.57,0.14,0.12,0.75,2
4267349730,0.04,0.37,0.06,0.64,0.3,2
4267369230,-1.02,-1.02,0.12,0.1,0.78,2
4267412342,1.62,-0.07,0.99,0.0,0.0,0
4267463946,-0.33,1.66,0.0,0.99,0.0,1
4267557334,2.72,-0.93,1.0,0.0,0.0,0
4267587008,-0.91,0.14,0.0,0.97,0.03,1
4267624202,-0.95,-0.86,0.07,0.22,0.71,1
4267658380,0.67,0.54,0.41,0.14,0.45,2
4267665021,0.8,2.41,0.0,0.99,0.01,1
4267705016,-0.5,0.79,0.0,0.98,0.02,1
4267816052,1.34,-0.28,0.99,0.0,0.0,0
4267825232,-0.19,-1.69,1.0,0.0,0.0,0
4267834087,-1.28,-1.28,0.11,0.1,0.79,2
4267842464,-0.86,-0.5,0.02,0.71,0.27,2
4267863455,0.82,0.77,0.31,0.18,0.51,0
4267918914,-0.74,0.76,0.0,0.99,0.01,1
4267970306,-0.7,-0.73,0.15,0.09,0.76,2
4268087459,1.73,0.5,0.97,0.01,0.03,0
4268111462,-0.69,-0.84,0.34,0.06,0.6,0
4268139529,0.01,1.24,0.0,0.97,0.03,1
4268146196,-0.26,-1.5,0.99,0.0,0.01,0
4268331700,0.38,-1.39,1.0,0.0,0.0,0
4268463572,-0.18,-0.18,0.18,0.16,0.65,2
4268623850,-0.08,-0.13,0.26,0.14,0.6,2
4268635271,1.89,-0.01,1.0,0.0,0.0,0
4268964956,0.34,0.07,0.59,0.08,0.33,2
4269134558,-0.71,0.72,0.0,0.99,0.01,1
4269176867,-0.74,-0.71,0.1,0.15,0.76,2
4269177005,-1.74,-1.76,0.14,0.08,0.78,2
4269403387,-0.88,-0.88,0.12,0.1,0.78,2
4269432262,-0.77,-0.77,0.12,0.11,0.77,2
4269483786,1.03,0.15,0.92,0.02,0.06,0
4269875860,-0.67,-0.57,0.08,0.26,0.67,1
4269934547,2.09,-0.96,1.0,0.0,0.0,0
4269942668,-1.48,-0.31,0.0,0.98,0.02,1
4270119062,-0.89,-0.91,0.14,0.09,0.77,0
4270158198,-0.5,0.42,0.0,0.94,0.05,1
4270208921,1.13,0.35,0.88,0.02,0.09,0
4270224673,-0.35,0.62,0.01,0.95,0.05,1
4270319858,-1.52,-1.1,0.01,0.71,0.28,1
4270325914,-1.3,-0.13,0.0,0.98,0.02,1
4270454534,-0.41,2.66,0.0,1.0,0.0,1
4270462930,-0.81,-0.89,0.22,0.07,0.71,2
4270471774,-0.78,-0.77,0.11,0.12,0.77,2
4270483798,-0.68,-0.76,0.22,0.08,0.7,0
4270909995,0.85,1.03,0.15,0.42,0.44,0
4270923962,1.93,2.48,0.03,0.84,0.14,1
4270976008,0.87,-1.47,1.0,0.0,0.0,0
4270989643,-0.68,0.99,0.0,0.99,0.01,1
4270999872,-0.72,-0.78,0.19,0.08,0.73,2
4271142424,-0.48,-0.46,0.12,0.16,0.72,2
4271157145,-1.28,0.09,0.0,0.99,0.01,1
4271166901,0.31,0.29,0.29,0.18,0.54,2
4271180206,3.11,0.12,1.0,0.0,0.0,0
4271194621,-1.81,-1.63,0.05,0.26,0.69,1
4271230859,-0.18,1.79,0.0,0.99,0.01,1
4271372727,1.2,0.92,0.56,0.09,0.35,2
4271397976,1.11,0.28,0.9,0.02,0.08,0
4271601043,1.02,-1.26,1.0,0.0,0.0,0
4271789892,-0.8,-0.8,0.12,0.11,0.78,2
4271916856,-1.32,1.45,0.0,1.0,0.0,1
4271983620,1.27,-0.64,1.0,0.0,0.0,0
4272103104,1.59,0.22,0.98,0.0,0.01,0
4272156486,-1.14,-1.14,0.11,0.1,0.79,0
4272242920,-1.07,0.11,0.0,0.98,0.02,1
4272339443,-0.33,1.44,0.0,0.99,0.01,1
4272437710,-0.8,-0.8,0.12,0.11,0.78,2
4272531315,-0.42,-0.35,0.1,0.23,0.66,1
4272595695,2.8,-0.57,1.0,0.0,0.0,0
4272630913,0.51,0.27,0.55,0.09,0.35,0
4272662512,1.85,-0.01,1.0,0.0,0.0,0
4272676520,-1.14,-1.08,0.08,0.16,0.76,0
4272853548,-0.56,-0.66,0.25,0.08,0.67,2
4272956219,2.45,-0.54,1.0,0.0,0.0,0
4273008965,-0.98,-0.51,0.01,0.81,0.18,2
4273071664,0.76,0.36,0.69,0.07,0.25,2
4273144571,1.09,0.17,0.93,0.01,0.06,0
4273405892,-0.77,-0.73,0.09,0.16,0.75,2
4273597147,-0.07,-0.35,0.63,0.06,0.31,1
4273602763,0.06,-1.35,1.0,0.0,0.0,0
4273675873,0.76,-0.88,1.0,0.0,0.0,0
4273695866,-0.74,-0.74,0.12,0.11,0.77,0
4273702146,0.13,1.02,0.01,0.92,0.07,1
4273865862,-1.62,-1.61,0.11,0.1,0.79,2
4273873978,-0.54,0.35,0.01,0.94,0.05,1
4274051522,0.27,0.22,0.32,0.16,0.52,0
4274073514,-0.88,-0.88,0.12,0.1,0.78,2
4274076811,0.46,0.66,0.14,0.44,0.42,0
4274103601,2.62,3.11,0.04,0.81,0.16,1
4274106997,-0.38,2.56,0.0,1.0,0.0,1
4274137569,-0.06,-1.74,1.0,0.0,0.0,0
4274170042,1.14,0.76,0.66,0.07,0.27,2
4274213987,1.14,1.09,0.31,0.19,0.5,0
4274344281,-0.28,-0.36,0.26,0.11,0.63,2
4274479649,-0.79,-0.77,0.1,0.13,0.77,1
4274707768,2.11,-0.15,1.0,0.0,0.0,0
4274709381,0.5,1.31,0.01,0.91,0.07,1
4274752284,-1.2,-1.73,0.84,0.01,0.15,0
4274761773,-0.71,-0.68,0.1,0.15,0.75,0
4274854986,2.12,0.37,0.99,0.0,0.0,0
4275184152,-0.75,-0.79,0.16,0.09,0.75,2
4275275519,-0.84,-0.8,0.09,0.15,0.76,1
4275302318,-0.91,-0.89,0.1,0.12,0.78,2
4275389524,-0.73,-0.79,0.19,0.08,0.73,1
4275439023,-0.85,-0.82,0.1,0.14,0.77,2
4275450265,-0.71,-0.7,0.11,0.12,0.76,1
4275488726,0.65,0.98,0.08,0.63,0.29,2
4275703320,-0.78,-0.76,0.1,0.13,0.77,2
4275723868,1.47,-1.17,1.0,0.0,0.0,0
4275731597,-1.47,1.03,0.0,1.0,0.0,1
4276132444,1.62,1.59,0.3,0.21,0.49,2
4276171493,-0.24,-0.6,0.7,0.04,0.26,0
4276258094,-1.2,1.25,0.0,1.0,0.0,1
4276398848,-1.39,0.13,0.0,0.99,0.01,1
4276683665,-0.06,-1.3,0.99,0.0,0.01,0
4276805534,0.09,0.34,0.09,0.52,0.39,1
4276823101,-1.6,1.12,0.0,1.0,0.0,1
4277008043,-0.71,-0.53,0.05,0.42,0.53,0
4277223851,-0.84,-0.84,0.12,0.11,0.78,2
4277271545,-0.84,-0.67,0.05,0.38,0.57,2
4277393233,-1.54,1.33,0.0,1.0,0.0,1
4277414510,-0.55,-0.06,0.02,0.83,0.16,1
4277509038,-0.86,-0.81,0.09,0.16,0.75,2
4277837113,1.98,-0.84,1.0,0.0,0.0,0
4277867024,-0.77,-0.73,0.09,0.16,0.75,2
4278049467,1.2,1.18,0.29,0.2,0.51,2
4278169486,0.44,-0.25,0.88,0.02,0.1,0
4278306836,-1.41,2.41,0.0,1.0,0.0,1
4278320316,0.64,0.5,0.42,0.14,0.44,2
4278354569,1.09,1.34,0.11,0.53,0.37,1
4278458723,-1.5,-1.47,0.09,0.12,0.79,2
4278482422,-0.25,-0.21,0.14,0.21,0.65,0
4278511339,0.73,-1.13,1.0,0.0,0.0,0
4278584980,1.49,0.46,0.94,0.01,0.05,0
4278844497,0.62,1.3,0.02,0.87,0.11,1
4278849615,0.17,0.28,0.17,0.3,0.53,2
4278861981,-0.99,-0.82,0.05,0.37,0.58,2
4278892891,0.26,0.28,0.24,0.2,0.56,2
4278928586,-0.84,-0.85,0.13,0.1,0.78,2
4278983238,-0.67,-0.91,0.52,0.05,0.43,0
4279020634,-1.44,-1.45,0.12,0.09,0.79,2
4279022453,-0.81,-0.82,0.13,0.1,0.77,2
4279209684,2.41,0.37,1.0,0.0,0.0,0
4279221131,2.47,2.27,0.46,0.14,0.4,0
4279223698,-0.69,-0.73,0.16,0.09,0.75,2
4279241262,-0.76,-0.77,0.13,0.1,0.77,2
4279320646,0.86,0.01,0.92,0.02,0.06,2
4279394335,-0.23,-1.32,0.98,0.0,0.01,0
4279484921,-0.75,-0.72,0.1,0.15,0.76,1
4279561409,0.98,-0.01,0.95,0.01,0.04,0
4279569985,1.73,-0.09,1.0,0.0,0.0,0
4279681581,2.11,0.98,0.95,0.01,0.04,0
4279950172,-1.17,-1.18,0.12,0.09,0.78,2
4280016212,-1.36,1.4,0.0,1.0,0.0,1
4280152015,1.88,2.56,0.02,0.89,0.09,1
4280287624,0.82,0.86,0.23,0.24,0.53,2
4280390923,-0.27,0.06,0.04,0.65,0.31,2
4280484596,-0.84,-0.86,0.14,0.09,0.77,2
4280501571,0.77,0.77,0.27,0.21,0.53,1
4280584901,-0.06,-0.51,0.79,0.03,0.18,2
4280669757,-1.74,1.91,0.0,1.0,0.0,1
4280711005,0.46,-1.12,1.0,0.0,0.0,0
4280738114,0.1,0.15,0.2,0.22,0.58,2
4280752211,0.86,-0.52,0.99,0.0,0.01,0
4280797124,1.21,0.69,0.75,0.05,0.2,0
4280969214,-1.25,0.22,0.0,0.99,0.01,1
4281042010,0.78,-0.69,0.99,0.0,0.0,0
4281046420,0.55,0.04,0.78,0.04,0.17,0
4281062380,0.7,-0.55,0.99,0.0,0.01,0
4281110663,0.65,0.32,0.63,0.08,0.29,1
4281154579,0.82,-0.65,0.99,0.0,0.0,0
4281253512,-0.42,-0.48,0.21,0.1,0.69,2
4281318990,1.56,-0.41,1.0,0.0,0.0,0
4281325245,1.24,0.44,0.89,0.02,0.09,0
4281352225,0.32,0.41,0.2,0.29,0.52,1
4281377460,0.27,1.09,0.01,0.91,0.08,1
4281763227,-0.62,-1.16,0.84,0.02,0.14,0
4281792270,0.22,0.29,0.2,0.25,0.55,1
4281803689,0.34,-0.92,0.99,0.0,0.01,0
4281808840,-0.89,1.09,0.0,1.0,0.0,1
4281865286,0.5,-1.36,1.0,0.0,0.0,0
4281980776,0.11,-0.08,0.49,0.09,0.41,0
4282109608,-1.36,0.37,0.0,0.99,0.0,1
4282130043,0.06,0.22,0.13,0.38,0.49,2
4282275530,-0.79,-1.01,0.48,0.05,0.47,0
4282315288,0.17,1.58,0.0,0.98,0.02,1
4282334381,-0.84,-0.8,0.09,0.15,0.76,1
4282382142,-0.46,2.36,0.0,1.0,0.0,1
4282389129,2.86,0.49,1.0,0.0,0.0,0
4282391095,0.15,0.29,0.15,0.35,0.5,2
4282447633,0.13,0.27,0.15,0.35,0.5,2
4282482144,-0.54,-0.81,0.57,0.05,0.38,0
4282533527,-0.81,-0.77,0.09,0.15,0.75,2
4282659245,1.56,0.24,0.98,0.0,0.02,0
4282955839,1.69,-0.25,1.0,0.0,0.0,0
4282977306,-0.04,2.08,0.0,1.0,0.0,1
4283060301,0.41,1.31,0.01,0.93,0.06,1
4283090386,-0.41,-0.49,0.24,0.1,0.66,2
4283155008,-0.31,-0.34,0.19,0.13,0.68,2
4283201974,-1.12,-0.35,0.0,0.93,0.07,1
4283211695,-1.2,2.55,0.0,1.0,0.0,1
4283268144,-0.23,1.22,0.0,0.98,0.02,1
4283302429,0.5,0.41,0.37,0.16,0.47,0
4283312699,-0.66,2.69,0.0,1.0,0.0,1
4283339257,1.58,-0.21,1.0,0.0,0.0,0
4283365726,-1.27,-1.23,0.09,0.13,0.78,2
4283417150,-1.74,-1.55,0.05,0.29,0.67,2
4283551632,0.54,2.12,0.0,0.98,0.01,1
4283568111,-0.66,-1.07,0.74,0.03,0.23,1
4283656635,0.46,0.23,0.54,0.1,0.36,0
4284047809,-0.82,-0.74,0.08,0.21,0.71,2
4284085138,-1.02,-0.84,0.04,0.39,0.57,2
4284205368,-0.02,-1.45,1.0,0.0,0.0,0
4284498087,-0.6,-0.77,0.38,0.06,0.56,0
4284651189,-1.05,-1.18,0.3,0.06,0.64,0
4284678321,-1.02,-0.79,0.03,0.5,0.47,1
4284791770,1.01,0.75,0.55,0.1,0.36,2
4284813434,-0.42,2.08,0.0,1.0,0.0,1
4284829096,-0.67,-0.46,0.05,0.48,0.47,1
4284845904,-0.74,-0.71,0.1,0.15,0.76,2
4284911720,0.19,-0.2,0.73,0.05,0.22,0
4284924803,0.13,-0.36,0.81,0.03,0.16,0
4284969072,-1.41,-1.42,0.12,0.09,0.79,2
4285002084,-0.66,2.56,0.0,1.0,0.0,1
4285043527,0.32,0.13,0.5,0.1,0.4,0
4285065544,0.34,0.16,0.48,0.11,0.41,0
4285075538,-0.66,-0.78,0.28,0.07,0.64,0
4285304482,-0.82,-0.7,0.06,0.28,0.65,1
4285389648,0.6,0.29,0.62,0.08,0.3,0
4285469801,-1.56,-1.73,0.36,0.05,0.59,0
4285522601,0.91,1.95,0.01,0.96,0.04,1
4285604601,-1.5,2.02,0.0,1.0,0.0,1
4285745344,-0.71,-0.67,0.09,0.16,0.74,2
4285850813,1.1,-0.76,1.0,0.0,0.0,0
4285859683,-0.64,-0.7,0.19,0.09,0.73,2
4286061858,1.55,-0.09,0.99,0.0,0.0,0
4286063033,-0.84,-0.82,0.1,0.13,0.77,2
4286318990,-0.81,-0.86,0.17,0.08,0.74,2
4286370847,1.91,1.9,0.28,0.23,0.49,1
4286405509,-1.54,-1.84,0.59,0.03,0.38,2
4286450466,0.38,0.27,0.39,0.14,0.47,2
4286463056,-0.94,-1.05,0.26,0.07,0.67,1
4286865889,-0.57,1.61,0.0,1.0,0.0,1
4286870218,0.18,1.74,0.0,0.98,0.02,1
4286873017,-0.82,-0.81,0.11,0.12,0.77,2
4286909142,0.84,2.06,0.0,0.97,0.03,1
4286942126,-0.73,-0.6,0.07,0.31,0.63,2
4287058426,-0.17,1.87,0.0,0.99,0.0,1
4287112149,-0.87,-0.85,0.1,0.13,0.77,2
4287127543,-0.77,-0.77,0.12,0.11,0.77,2
4287142896,1.34,1.16,0.44,0.13,0.42,2
4287311513,-0.92,1.46,0.0,1.0,0.0,1
4287338112,1.39,-0.33,1.0,0.0,0.0,0
4287543332,-0.87,-0.84,0.1,0.14,0.77,2
4287650976,0.25,-0.26,0.81,0.03,0.16,0
4287905957,-0.67,-0.61,0.09,0.19,0.72,2
4287998773,0.66,-1.07,1.0,0.0,0.0,0
4288036962,-0.66,0.06,0.01,0.91,0.08,1
4288100799,-0.66,0.54,0.0,0.97,0.02,1
4288290528,-0.7,1.99,0.0,1.0,0.0,1
4288572819,-0.63,1.13,0.0,0.99,0.01,1
4288743085,-1.76,-1.81,0.17,0.07,0.76,0
4288748445,-1.33,2.84,0.0,1.0,0.0,1
4288828318,0.28,2.02,0.0,0.99,0.01,1
4288871502,-0.61,-1.15,0.84,0.02,0.14,0
4288923087,-0.77,-0.78,0.13,0.1,0.77,2
4288967374,0.02,0.48,0.04,0.78,0.18,1
4289338231,0.99,1.2,0.13,0.46,0.41,2
4289597006,-0.1,0.56,0.02,0.88,0.11,1
4289607724,-1.25,-1.17,0.07,0.18,0.75,2
4289676634,-1.59,1.39,0.0,1.0,0.0,1
4289792977,1.53,-0.27,1.0,0.0,0.0,0
4289920922,-0.88,-0.89,0.13,0.1,0.78,2
4289921315,-0.54,-0.54,0.13,0.13,0.74,2
4290029285,2.02,0.82,0.96,0.01,0.03,2
4290090302,0.96,0.84,0.39,0.15,0.46,2
4290218189,-0.77,-0.42,0.02,0.71,0.27,1
4290226288,-0.63,-0.68,0.17,0.09,0.74,0
4290288634,-0.86,-0.91,0.17,0.08,0.75,2
4290323631,0.86,0.71,0.42,0.13,0.44,2
4290387078,-0.95,-0.8,0.05,0.33,0.62,1
4290567181,-1.52,-1.07,0.01,0.75,0.24,1
4290579575,1.54,-1.5,1.0,0.0,0.0,0
4290669078,-1.3,0.64,0.0,1.0,0.0,1
4290839285,2.41,2.41,0.27,0.25,0.48,1
4290849528,-0.41,0.62,0.0,0.96,0.04,1
4291106174,0.13,-0.82,0.97,0.0,0.03,0
4291221942,-0.04,0.63,0.02,0.88,0.11,1
4291229804,0.71,-1.1,1.0,0.0,0.0,0
4291235817,0.84,1.88,0.01,0.95,0.04,1
4291300179,2.52,-1.31,1.0,0.0,0.0,0
4291367819,-1.05,-0.66,0.02,0.72,0.26,1
4291399695,-0.71,-0.73,0.14,0.1,0.77,2
4291445966,2.64,-0.11,1.0,0.0,0.0,0
4291565351,-0.58,0.51,0.0,0.96,0.03,1
4291600110,0.12,-0.28,0.74,0.04,0.21,0
4291750124,-0.78,-0.77,0.11,0.12,0.77,2
4291970601,-1.01,-0.15,0.0,0.95,0.05,1
4291983256,-0.39,2.34,0.0,1.0,0.0,1
4291999244,0.23,0.77,0.03,0.81,0.15,1
4292005733,0.96,1.98,0.01,0.95,0.04,1
4292053765,1.98,0.57,0.98,0.0,0.02,0
4292154969,-1.09,-1.12,0.15,0.08,0.77,2
4292179357,0.09,1.54,0.0,0.98,0.02,1
4292218083,-0.68,-0.66,0.11,0.14,0.76,2
4292330026,1.39,-0.41,1.0,0.0,0.0,0
4292346386,-0.82,-0.84,0.14,0.09,0.77,2
4292359809,0.16,0.18,0.23,0.19,0.58,2
4292525395,-0.89,-0.75,0.06,0.32,0.63,2
4292563026,0.68,-0.89,1.0,0.0,0.0,0
4292612499,0.79,0.44,0.65,0.08,0.28,0
4292709507,0.7,2.59,0.0,0.99,0.01,1
4292800712,0.86,-0.47,0.99,0.0,0.01,0
4292809931,0.67,-0.97,1.0,0.0,0.0,0
4292914487,0.78,-0.11,0.93,0.01,0.05,0
4292960356,0.06,-1.43,1.0,0.0,0.0,0
4293086442,0.24,-0.35,0.85,0.03,0.12,0
4293094431,-0.89,1.35,0.0,1.0,0.0,1
4293227845,0.22,-0.43,0.88,0.02,0.1,0
4293254649,2.42,2.31,0.38,0.18,0.44,0
4293293471,-0.38,-0.45,0.23,0.1,0.67,0
4293415746,-0.77,0.87,0.0,0.99,0.01,1
4293419884,-0.86,-0.65,0.04,0.47,0.49,1
4293430216,-0.96,-0.51,0.01,0.79,0.19,2
4293445688,-1.35,2.16,0.0,1.0,0.0,1
4293540065,-0.29,1.27,0.0,0.99,0.01,1
4293543403,-0.73,-0.91,0.4,0.06,0.55,2
4293704939,-0.59,-0.59,0.13,0.12,0.75,1
4293765835,-0.89,-0.92,0.15,0.09,0.77,2
4293767723,-0.76,-0.69,0.08,0.2,0.72,2
4293849459,-0.73,-0.74,0.13,0.1,0.77,2
4293918673,-0.88,-0.88,0.12,0.1,0.78,2
4293965487,0.97,-0.19,0.97,0.01,0.02,0
4293990653,-0.05,-0.66,0.88,0.02,0.1,0
4294020084,-0.89,-0.87,0.1,0.12,0.77,2
4294068603,-0.84,1.48,0.0,1.0,0.0,1
4294081229,-0.24,-0.69,0.79,0.03,0.19,0
4294144396,-0.69,0.82,0.0,0.99,0.01,1
4294254797,1.44,0.43,0.94,0.01,0.05,0
4294349169,-1.01,1.18,0.0,1.0,0.0,1
4294452769,-0.8,-0.79,0.11,0.12,0.77,2
4294602932,0.13,2.23,0.0,1.0,0.0,1
4294633312,-0.74,-0.85,0.27,0.07,0.66,0
4294656694,-0.74,-0.77,0.15,0.09,0.76,0
4294692063,1.2,-0.07,0.98,0.0,0.02,0
4294710549,1.61,-0.31,1.0,0.0,0.0,0
4294899228,-1.34,0.75,0.0,1.0,0.0,1
4294947231,-0.67,-0.75,0.22,0.08,0.7,0
